Mol#,Iso#,Wv #,Intensity,Einstein A-Coef,Air Width,Self Width,Lower State E,Temp Dep,Press Shift
1,1,7275.9708,1.04E-27,5.41E-04,0.0561,0.298,1718.7185,0.51,-0.02124
1,2,7276.0114,3.01E-28,5.46E-03,0.0818,0.352,921.8957,0.61,-0.00982
1,1,7276.0146,1.10E-28,3.54E-01,0.0369,0.221,3629.0943,0.37,-0.03006
1,3,7276.0422,5.69E-28,4.09E+00,0.081,0.434,1902.3291,0.71,-0.01108
1,1,7276.0719,1.63E-26,7.67E-01,0.0232,0.235,2746.0224,0.4,-0.023164
1,2,7276.0879,2.09E-29,2.23E-03,0.0573,0.298,1574.4495,0.51,-0.002708
1,1,7276.1096,5.85E-25,2.20E+00,0.0974,0.456,1693.6499,0.72,-0.0083
1,4,7276.13901,5.20E-25,2.21E+00,0.0971,0.48,29.8086,0.73,-0.00654
1,3,7276.1452,1.01E-29,1.55E-04,0.0521,0.333,742.4912,0.57,-0.011944
1,2,7276.2252,1.09E-27,1.55E+00,0.0422,0.28,1863.0198,0.51,-0.02336
1,4,7276.258469,3.07E-28,1.18E-01,0.073,0.281,1287.2387,0.47,-0.02284
1,1,7276.3516,4.87E-27,9.07E-06,0.0727,0.371,447.2523,0.63,-0.007968
1,2,7276.4334,1.08E-26,3.71E-01,0.0502,0.335,1075.9092,0.55,-0.01206
1,3,7276.4721,3.30E-29,4.63E-01,0.0915,0.412,1813.6122,0.69,-0.0033
1,1,7276.4775,2.74E-26,1.37E-04,0.0951,0.412,383.8425,0.69,-0.01716
1,5,7276.551925,1.58E-27,2.91E+00,0.0969,0.456,65.6591,0.72,-0.01046
1,1,7276.564,2.98E-26,1.76E-02,0.042,0.265,1557.8436,0.44,-0.0227
1,4,7276.602601,1.63E-29,1.01E+00,0.078,0.298,2297.3207,0.51,-0.02836
1,1,7276.6406,4.65E-26,1.95E-04,0.078,0.352,704.214,0.61,-0.001268
1,1,7276.6628,1.04E-29,2.00E+00,0.0495,0.25,4442.7116,0.41,-0.016372
1,1,7276.687,1.12E-24,5.36E+00,0.0912,0.385,1743.4863,0.72,-0.008
1,1,7276.7124,1.15E-29,8.75E-05,0.0103,0.221,2358.2996,0.37,-0.01596
1,2,7276.7198,3.27E-27,1.55E+00,0.0452,0.25,1862.4547,0.51,-0.02788
1,6,7276.722176,1.54E-28,1.86E+00,0.0902,0.456,108.2377,0.72,-0.00908
1,1,7276.7509,4.04E-29,1.78E-02,0.0476,0.265,3144.5781,0.44,-0.02612
1,1,7276.7742,7.59E-25,1.79E+00,0.0482,0.287,1843.0288,0.47,-0.01356
1,2,7276.8032,2.53E-29,2.53E-03,0.0579,0.333,1247.2058,0.57,-0.01494
1,2,7276.8097,6.34E-29,1.51E-03,0.0659,0.352,921.8957,0.61,-0.01242
1,4,7276.829541,4.36E-27,1.40E+00,0.0455,0.352,1171.5316,0.61,-0.00844
1,4,7276.829596,2.90E-27,9.32E-01,0.0455,0.352,1171.5317,0.61,-0.01468
1,4,7276.852838,1.01E-28,8.86E-01,0.0851,0.371,1797.4463,0.63,-0.00608
1,3,7276.865,6.08E-28,1.13E-01,0.055,0.32,1078.0207,0.55,-0.003164
1,1,7276.8671,1.44E-26,2.70E-01,0.0634,0.352,2181.0898,0.61,-0.01068
1,1,7276.89401,7.18E-23,1.77E+00,0.0704,0.36,816.6942,0.61,-0.006169
1,5,7276.901936,5.93E-29,1.89E-01,0.0872,0.371,306.4077,0.63,-0.01132
1,3,7276.9091,7.50E-27,2.70E+00,0.0761,0.315,1213.5626,0.55,-0.01224
1,1,7276.9172,7.56E-28,1.18E+00,0.0492,0.315,3139.4755,0.55,-0.01786
1,2,7276.925,4.78E-29,1.14E+00,0.0373,0.235,2735.4191,0.4,-0.02226
1,2,7277.0857,1.64E-26,1.45E+00,0.0532,0.34,1247.2058,0.57,-0.017719
1,3,7277.1334,1.70E-24,7.62E+00,0.099,0.537,36.9315,0.73,-0.005239
1,1,7277.1373,1.03E-29,7.53E-01,0.0998,0.456,3725.9421,0.72,-0.00348
1,1,7277.1799,4.37E-29,3.65E+00,0.0275,0.298,3997.508,0.51,-0.014012
1,1,7277.1801,1.31E-28,3.65E+00,0.0299,0.298,3997.5078,0.51,-0.018068
1,1,7277.2618,4.92E-28,1.31E-04,0.0566,0.298,1581.3357,0.51,-0.01642
1,1,7277.3467,6.86E-29,5.29E-03,0.0524,0.352,2724.167,0.61,-0.017668
1,1,7277.399,3.69E-27,1.28E+00,0.0288,0.25,3127.861,0.41,-0.02752
1,1,7277.4418,3.15E-26,5.80E-03,0.0713,0.333,1255.9115,0.57,-0.00734
1,1,7277.4585,1.48E-27,1.54E+00,0.0286,0.25,3127.8015,0.41,-0.02736
1,3,7277.4807,1.05E-26,1.17E+00,0.0644,0.325,924.6417,0.61,-0.01304
1,1,7277.4941,2.12E-29,4.91E-03,0.0509,0.352,2724.0413,0.61,-0.0133
1,3,7277.5077,3.00E-25,1.26E+00,0.0755,0.458,446.2452,0.63,-0.008249
1,2,7277.5166,1.30E-25,1.09E-01,0.0993,0.48,36.7486,0.73,-0.0057
1,2,7277.5169,3.63E-28,6.41E-01,0.0809,0.371,2034.3767,0.63,-0.01132
1,6,7277.541284,1.52E-29,1.95E+00,0.085,0.315,799.0651,0.55,-0.00552
1,1,7277.5613,2.68E-28,2.77E+00,0.0368,0.221,3629.0657,0.37,0
1,1,7277.6061,1.04E-22,1.90E+00,0.0679,0.361,1006.1157,0.57,-0.005549
1,2,7277.6405,7.66E-29,2.54E-03,0.0601,0.333,1246.3684,0.57,-0.01456
1,2,7277.6407,3.92E-29,5.40E-01,0.0718,0.25,2622.0097,0.41,-0.025684
1,2,7277.6473,9.40E-25,8.75E-01,0.0857,0.481,221.2339,0.69,-0.0069
1,2,7277.702,4.64E-26,1.36E+00,0.052,0.33,1246.3684,0.57,-0.015559
1,1,7277.712,4.94E-26,9.19E-01,0.0697,0.265,2300.6841,0.44,-0.02746
1,4,7277.729153,3.52E-28,1.12E+00,0.0926,0.412,1553.9614,0.69,-0.0069
1,2,7277.751,3.03E-29,1.28E+00,0.0341,0.265,2596.3376,0.44,-0.0285
1,2,7277.7705,3.83E-25,7.67E-01,0.0685,0.345,604.7927,0.67,-0.014629
1,6,7277.858008,3.24E-28,3.06E+00,0.0959,0.456,57.8462,0.72,-0.0073
1,3,7277.9143,5.97E-27,1.48E-01,0.0626,0.395,585.1623,0.61,-0.01808
1,3,7277.9655,4.65E-29,5.82E-01,0.0447,0.25,2242.2127,0.41,-0.03206
1,6,7277.973225,8.47E-29,1.13E+00,0.0983,0.391,221.164,0.67,-0.011491
1,2,7277.9806,5.37E-29,2.18E-03,0.0281,0.298,1109.7869,0.51,-0.01948
1,2,7277.9847,1.35E-25,8.10E-01,0.0677,0.315,604.5442,0.67,-0.014469
1,3,7277.9881,1.92E-26,1.58E-01,0.0644,0.395,584.9411,0.61,-0.014349
1,4,7278.009833,1.12E-28,2.40E+00,0.0761,0.371,2009.1465,0.63,-0.01424
1,4,7278.014247,4.25E-28,1.13E+00,0.04,0.315,1648.9474,0.55,-0.01498
1,1,7278.0162,3.74E-22,1.57E+00,0.0745,0.408,648.9787,0.63,-0.006519
1,4,7278.016895,4.25E-28,1.13E+00,0.0356,0.315,1648.9474,0.55,-0.0133
1,1,7278.032,1.52E-29,5.06E-02,0.019,0.183,3647.458,0.33,-0.02396
1,3,7278.0365,1.87E-28,1.65E+00,0.0456,0.281,2137.4196,0.47,-0.0275
1,2,7278.037,6.74E-28,6.72E-01,0.0264,0.333,1768.8012,0.57,-0.006828
1,2,7278.0371,2.02E-27,6.71E-01,0.0299,0.164,1768.8015,0.57,-0.00564
1,2,7278.0444,2.34E-29,4.93E-02,0.0902,0.412,1810.1872,0.69,-0.004772
1,1,7278.062,1.25E-24,1.15E+00,0.0418,0.298,1874.9727,0.51,-0.019832
1,2,7278.0635,9.11E-29,1.28E+00,0.0334,0.265,2595.9749,0.44,-0.02804
1,1,7278.1179,1.16E-29,2.16E-01,0.0618,0.371,3600.0526,0.63,-0.004685
1,4,7278.122411,2.16E-25,1.32E+00,0.1013,0.504,0,0.74,-0.00424
1,3,7278.1271,1.09E-24,1.67E+00,0.104,0.54,42.187,0.73,-0.004739
1,1,7278.155,1.16E-25,8.44E-01,0.0922,0.391,1922.829,0.67,-0.0103
1,6,7278.235304,2.66E-29,1.85E+00,0.0903,0.333,650.9589,0.57,0.003886
1,4,7278.247953,3.96E-29,2.83E-03,0.076,0.298,885.0645,0.51,-0.01036
1,1,7278.2481,1.79E-29,1.04E-03,0.0698,0.352,2439.9544,0.61,-0.01592
1,1,7278.2799,1.83E-28,2.44E-03,0.0537,0.333,2337.6665,0.57,-0.01596
1,1,7278.3075,2.28E-28,3.33E-02,0.0487,0.235,2739.4277,0.4,0.005636
1,1,7278.38,1.00E-29,1.41E-02,0.0638,0.315,3139.4755,0.55,-0.02886
1,4,7278.382358,2.94E-29,1.02E+00,0.0828,0.333,2135.055,0.57,-0.01008
1,1,7278.4182,2.54E-27,3.80E-01,0.045,0.298,2904.428,0.51,-0.01168
1,1,7278.4253,6.81E-24,1.65E+00,0.054,0.342,1581.3357,0.51,-0.008439
1,4,7278.426581,1.12E-28,2.39E+00,0.0739,0.371,2009.2208,0.63,-0.00794
1,1,7278.4678,1.51E-26,1.54E-03,0.0762,0.315,1360.235,0.55,-0.01648
1,6,7278.487297,1.53E-28,1.85E+00,0.0914,0.456,108.5837,0.72,-0.008
1,4,7278.511036,3.11E-28,2.72E+00,0.0816,0.391,1795.7881,0.67,-0.01326
1,1,7278.5461,3.23E-25,8.93E-01,0.0416,0.298,1875.4613,0.51,-0.016204
1,2,7278.5608,2.47E-25,3.28E-01,0.0693,0.41,583.7777,0.61,-0.0153
1,3,7278.567,8.03E-29,5.07E-04,0.077,0.352,584.9411,0.61,-0.008012
1,2,7278.5673,1.98E-23,5.66E+00,0.1032,0.46,42.0233,0.73,-0.008779
1,1,7278.6838,3.67E-25,1.74E+00,0.0496,0.281,1985.7842,0.47,-0.02402
1,3,7278.7197,1.20E-29,6.24E-04,0.0868,0.391,737.6204,0.67,-0.01852
1,3,7278.7334,5.91E-29,9.26E-04,0.0839,0.391,415.1284,0.67,-0.0097
1,1,7278.75243,8.75E-23,4.13E-01,0.0831,0.44,446.6966,0.63,-0.010099
1,1,7278.7921,3.57E-28,1.13E+00,0.0609,0.281,3323.2689,0.47,-0.02702
1,2,7278.8466,1.42E-29,1.40E-02,0.0089,0.235,2064.6729,0.4,-0.02062
1,1,7278.87814,2.76E-24,2.28E-01,0.0817,0.4,1360.235,0.55,-0.02138
1,4,7278.888709,1.06E-28,6.20E-01,0.0863,0.371,1712.8238,0.63,-0.01518
1,3,7278.8908,4.41E-29,1.79E-01,0.068,0.281,1994.6637,0.47,-0.00984
1,2,7278.9085,1.11E-28,1.47E-03,0.0787,0.333,879.4945,0.57,-0.00144
1,6,7278.909255,1.20E-28,1.29E+00,0.1093,0.48,15.4607,0.73,-0.000719
1,1,7278.9297,1.38E-29,7.86E-03,0.0508,0.221,3244.5993,0.37,-0.01166
1,2,7278.9955,7.45E-29,5.90E-01,0.0526,0.352,2172.1432,0.61,-0.01424
1,1,7279.0033,3.08E-27,4.22E-05,0.0709,0.333,744.0637,0.57,-0.000112
1,3,7279.0388,1.00E-29,1.54E-04,0.0537,0.333,742.4912,0.57,-0.01596
1,2,7279.0498,1.96E-29,6.55E-04,0.0784,0.333,1047.3285,0.57,-0.006652
1,5,7279.058786,2.56E-29,1.60E+00,0.0758,0.298,1017.9746,0.51,-0.00478
1,1,7279.0809,2.95E-28,4.47E-01,0.0589,0.221,3472.8801,0.37,-0.03506
1,5,7279.090169,2.81E-28,8.86E-01,0.0927,0.371,304.2194,0.63,-0.009844
1,3,7279.1027,1.08E-25,2.63E-01,0.0929,0.412,299.439,0.69,-0.0128
1,1,7279.10879,6.17E-24,6.26E-02,0.056,0.358,885.6002,0.57,-0.012339
1,2,7279.13666,4.75E-29,4.42E-01,0.0398,0.235,2541.2827,0.4,0
1,1,7279.1502,7.13E-25,2.03E+00,0.0647,0.265,2124.9499,0.44,-0.01932
1,1,7279.1534,1.18E-27,1.10E-02,0.0584,0.281,2142.5967,0.47,-0.01054
1,1,7279.1613,6.02E-27,1.42E-02,0.0504,0.281,1843.0288,0.47,-0.007188
1,2,7279.1646,3.43E-26,2.09E+00,0.0681,0.385,1440.288,0.51,-0.01764
1,3,7279.1985,1.60E-27,4.94E+00,0.0928,0.485,1728.2605,0.71,-0.0056
1,5,7279.21998,3.14E-28,1.16E+00,0.0962,0.391,301.7448,0.67,-0.008698
1,1,7279.2284,3.58E-27,2.09E-01,0.027,0.235,2550.8816,0.4,-0.014364
1,1,7279.2866,4.82E-26,5.79E-01,0.069,0.391,2251.8623,0.67,-0.01522
1,1,7279.3076,1.22E-29,8.08E-03,0.0626,0.315,2983.3228,0.55,-0.02134
1,3,7279.311,7.26E-29,5.10E-04,0.0839,0.391,325.8804,0.67,-0.002792
1,3,7279.3206,1.61E-28,9.15E-01,0.0331,0.315,1801.985,0.55,-0.014744
1,3,7279.3206,1.61E-28,9.15E-01,0.0359,0.315,1801.985,0.55,-0.013964
1,3,7279.3303,6.32E-29,1.66E+00,0.04,0.281,2135.8594,0.47,-0.02384
1,2,7279.3802,5.79E-27,1.19E-01,0.0657,0.352,921.8957,0.61,-0.0139
1,1,7279.3811,1.58E-25,8.67E-01,0.0372,0.265,2275.3719,0.44,-0.022572
1,1,7279.3882,1.12E-28,6.75E-01,0.0871,0.391,3565.4546,0.67,-0.00598
1,5,7279.432804,7.47E-28,1.25E+00,0.1075,0.456,45.8986,0.72,-0.002765
1,1,7279.4409,1.56E-26,5.62E-01,0.0668,0.391,2251.6953,0.67,-0.01586
1,2,7279.5628,2.31E-28,6.08E-01,0.0518,0.352,2171.7405,0.61,-0.01336
1,1,7279.5643,7.61E-28,9.20E+00,0.0723,0.391,3482.48,0.67,-0.01072
1,5,7279.582507,3.77E-28,8.33E-01,0.0976,0.412,155.2084,0.69,-0.00606
1,1,7279.6664,3.77E-26,1.73E-01,0.1002,0.456,1664.9646,0.72,-0.00318
1,3,7279.7117,3.41E-28,1.28E+00,0.0936,0.455,1768.7043,0.71,-0.0081
1,1,7279.7337,9.74E-26,7.48E-03,0.081,0.333,1050.1576,0.57,-0.00956
1,3,7279.799175,7.95E-29,3.04E-01,0.054,0.298,1720.2428,0.51,0
1,4,7279.82558,7.03E-29,8.99E-01,0.0829,0.352,1903.262,0.61,-0.00964
1,1,7279.9068,1.04E-27,3.17E-02,0.0763,0.25,2629.3329,0.41,-0.03056
1,1,7279.9149,2.19E-25,7.67E-03,0.0484,0.371,888.6326,0.63,-0.019732
1,4,7279.915486,2.94E-28,1.15E+00,0.087,0.391,1630.4932,0.67,-0.01196
1,1,7279.9259,4.22E-26,1.65E+00,0.0453,0.265,2437.5011,0.44,-0.02958
1,1,7279.9506,8.32E-25,9.71E-03,0.0488,0.3,888.5986,0.63,-0.017348
1,4,7279.981166,3.11E-25,1.32E+00,0.097,0.412,150.1563,0.69,-0.00796
1,3,7280.0085,1.74E-28,6.17E-04,0.0999,0.434,283.768,0.71,-0.01782
1,1,7280.0152,8.46E-26,2.73E-03,0.061,0.315,920.2098,0.55,-0.00526
1,1,7280.0238,3.47E-25,4.00E-01,0.0418,0.281,1695.0677,0.47,-0.01562
1,1,7280.06181,9.39E-24,5.85E-02,0.0877,0.45,503.9681,0.67,-0.01092
1,5,7280.101608,2.31E-29,1.42E+00,0.052,0.352,969.9007,0.61,-0.01476
1,5,7280.102232,2.31E-29,1.42E+00,0.053,0.352,969.9005,0.61,-0.01034
1,2,7280.1504,5.21E-27,4.54E-01,0.0538,0.34,1287.7346,0.51,-0.02836
1,5,7280.247505,1.96E-27,3.30E+00,0.092,0.434,99.5872,0.71,-0.00964
1,2,7280.2543,8.71E-29,2.61E+00,0.0513,0.391,2390.3536,0.67,-0.01088
1,2,7280.2573,2.61E-28,2.60E+00,0.058,0.391,2390.3557,0.67,-0.00978
1,1,7280.2589,2.25E-29,2.06E+00,0.054,0.298,3997.6648,0.51,0
1,4,7280.311728,5.76E-29,2.31E-03,0.0675,0.315,743.0973,0.55,-0.01286
1,1,7280.31526,1.76E-22,1.30E+00,0.0748,0.411,503.9681,0.67,-0.007909
1,2,7280.3337,1.26E-26,9.02E+00,0.075,0.445,1814.087,0.69,-0.003569
1,2,7280.38784,1.11E-29,4.57E-01,0.0368,0.221,2860.7822,0.37,0
1,3,7280.3921,3.07E-27,1.30E+00,0.0579,0.345,1472.6847,0.55,-0.01956
1,4,7280.409617,2.71E-28,1.09E+00,0.1003,0.48,1438.2,0.73,-0.00686
1,3,7280.4342,2.18E-29,1.06E+00,0.0287,0.298,2243.3131,0.51,-0.02158
1,3,7280.4342,2.18E-29,1.06E+00,0.036,0.298,2243.3131,0.51,-0.02052
1,1,7280.4731,1.24E-29,1.63E-02,0.042,0.265,3144.5681,0.44,-0.0227
1,1,7280.4842,2.37E-23,7.39E-02,0.086,0.42,552.9114,0.63,-0.01286
1,1,7280.485336,1.86E-24,3.00E-01,0.0769,0.315,1477.2972,0.55,-0.00706
1,4,7280.556996,7.38E-25,2.93E+00,0.0971,0.48,15.5082,0.73,-0.00328
1,4,7280.564098,6.38E-28,3.01E+00,0.0908,0.412,1634.0888,0.69,-0.0125
1,3,7280.5659,6.00E-29,1.59E-04,0.0944,0.412,224.3042,0.69,-0.00246
1,1,7280.5973,8.93E-28,8.98E-03,0.045,0.25,2414.722,0.41,-0.01642
1,4,7280.61861,2.90E-25,1.76E+00,0.0956,0.391,265.2363,0.67,-0.00736
1,3,7280.6399,5.20E-28,7.16E+00,0.0883,0.434,1809.4443,0.71,-0.01032
1,1,7280.7899,1.24E-27,2.54E-03,0.0078,0.235,2073.5136,0.4,-0.015148
1,4,7280.810682,3.09E-25,1.54E+00,0.0952,0.412,182.9835,0.69,-0.00244
1,1,7280.8492,2.34E-27,1.38E-03,0.0689,0.298,1538.1488,0.51,-0.004952
1,1,7280.8569,2.76E-24,2.49E-01,0.0828,0.28,1131.7755,0.57,-0.02208
1,4,7280.9435,3.06E-28,2.69E+00,0.0829,0.391,1796.5159,0.67,-0.01034
1,5,7280.968831,1.17E-27,2.56E+00,0.0921,0.434,153.8221,0.71,-0.01032
1,4,7280.9784,2.66E-29,1.88E-03,0.0705,0.315,859.3925,0.55,-0.01352
1,2,7281.0222,7.56E-29,2.36E-03,0.0656,0.281,1321.4542,0.47,-0.017608
1,2,7281.0243,3.08E-28,8.61E-01,0.09,0.412,1868.2538,0.69,-0.0069
1,6,7281.026309,3.98E-29,1.65E+00,0.0879,0.352,518.3699,0.61,-0.00616
1,3,7281.028,1.27E-27,1.59E+00,0.0492,0.315,1470.226,0.55,-0.01786
1,1,7281.08122,1.87E-21,9.42E-01,0.0976,0.535,136.7617,0.71,-0.001419
1,3,7281.1928,1.23E-29,4.65E-01,0.03,0.25,2243.2933,0.41,-0.01726
1,1,7281.2072,3.99E-28,5.05E-03,0.0731,0.265,2205.6518,0.44,-0.02764
1,3,7281.2772,3.63E-27,3.08E-01,0.0651,0.333,1119.4883,0.57,-0.023
1,2,7281.2912,5.04E-29,2.98E-04,0.0853,0.371,601.2377,0.63,-0.00896
1,6,7281.319036,5.50E-29,7.29E-01,0.1069,0.456,57.8462,0.72,-0.005545
1,2,7281.3339,1.33E-29,2.35E-04,0.0418,0.315,916.2931,0.55,-0.01186
1,1,7281.3583,8.74E-27,1.02E-03,0.0808,0.333,1411.6113,0.57,-0.01372
1,1,7281.376,3.92E-27,3.70E-02,0.097,0.434,1813.7876,0.71,-0.01044
1,1,7281.4012,1.01E-29,1.41E-02,0.0598,0.298,3383.2651,0.51,-0.03194
1,1,7281.4057,1.79E-29,7.50E-04,0.0853,0.371,2282.5896,0.63,-0.01056
1,2,7281.4168,1.65E-25,1.19E+00,0.079,0.44,706.5976,0.61,-0.011049
1,3,7281.4404,6.25E-25,1.29E+00,0.094,0.535,224.3042,0.69,-0.008719
1,1,7281.4596,1.48E-28,2.99E-03,0.0814,0.352,2392.5924,0.61,-0.00856
1,6,7281.52072,1.36E-29,1.02E+00,0.0595,0.391,611.9877,0.67,-0.01088
1,6,7281.520938,1.36E-29,1.02E+00,0.0595,0.391,611.9871,0.67,-0.00978
1,1,7281.584,7.22E-28,3.88E-04,0.0698,0.298,1538.1488,0.51,-0.000024
1,4,7281.640999,9.65E-28,3.78E+00,0.0856,0.391,1630.4932,0.67,-0.01072
1,3,7281.644,2.00E-26,1.13E+00,0.0681,0.385,754.8123,0.63,-0.0166
1,3,7281.6759,1.65E-29,7.29E-02,0.0689,0.281,1994.6637,0.47,-0.01364
1,3,7281.677,5.20E-25,8.80E-01,0.082,0.47,224.3042,0.69,-0.011019
1,2,7281.701,8.13E-27,7.02E+00,0.0882,0.415,1811.2904,0.71,-0.01032
1,1,7281.72917,1.81E-22,9.09E-01,0.0797,0.401,383.8425,0.69,-0.01106
1,4,7281.741125,2.03E-29,1.17E-01,0.0904,0.371,1709.9714,0.63,-0.00552
1,2,7281.7475,1.25E-29,3.48E-01,0.0398,0.235,2540.7815,0.4,0
1,2,7281.7935,3.46E-29,2.08E-03,0.0551,0.315,1211.1855,0.55,-0.02024
1,1,7281.7953,4.20E-23,1.35E+00,0.0621,0.322,1122.7083,0.57,-0.01766
1,1,7281.8342,8.88E-29,1.11E+00,0.0456,0.281,3833.1439,0.47,-0.0275
1,3,7281.8488,2.26E-29,3.36E-01,0.0737,0.371,2156.4716,0.63,-0.01852
1,1,7281.8646,9.17E-29,9.26E-01,0.0368,0.221,3624.1421,0.37,0
1,3,7281.8683,7.33E-29,7.24E-03,0.0818,0.352,924.6417,0.61,-0.00982
1,1,7281.8893,8.65E-29,2.64E-03,0.0824,0.391,2251.6953,0.67,-0.011205
1,2,7281.903,7.42E-26,2.96E-01,0.0642,0.365,583.9863,0.61,-0.009509
1,5,7281.903001,7.62E-29,1.31E+00,0.0844,0.315,730.876,0.55,-0.01632
1,4,7281.915787,5.08E-25,2.19E+00,0.0982,0.48,32.4964,0.73,-0.01054
1,2,7281.9303,3.39E-27,7.98E-03,0.0704,0.352,701.6942,0.61,-0.00862
1,1,7282.0584,2.30E-27,9.09E+00,0.0741,0.391,3478.9865,0.67,-0.0086
1,1,7282.058665,1.77E-27,1.06E+00,0.0574,0.333,2920.132,0.57,-0.0176
1,1,7282.1039,2.98E-27,1.69E-02,0.0733,0.371,2161.2859,0.63,-0.002596
1,1,7282.1236,1.81E-25,2.73E-01,0.0966,0.434,1731.8967,0.71,-0.00426
1,4,7282.125307,2.10E-29,1.35E-04,0.1004,0.412,182.9835,0.69,-0.00444
1,1,7282.1409,6.83E-25,6.36E-03,0.0623,0.352,586.4792,0.61,-0.009836
1,4,7282.186243,3.51E-27,1.73E-01,0.082,0.333,808.5629,0.57,-0.01186
1,4,7282.228167,2.38E-25,8.30E-01,0.1049,0.456,58.1269,0.72,-0.011388
1,4,7282.253867,3.08E-29,1.26E-01,0.075,0.25,1804.8398,0.41,-0.03126
1,1,7282.3011,7.01E-25,1.31E-03,0.0818,0.41,447.2523,0.63,-0.00832
1,3,7282.3054,3.48E-27,1.68E-01,0.0648,0.333,1003.7814,0.57,-0.01924
1,1,7282.3587,3.51E-26,1.06E-03,0.0601,0.333,882.8903,0.57,-0.01108
1,1,7282.3958,1.37E-27,1.65E-05,0.0768,0.315,920.168,0.55,-0.01848
1,1,7282.45,1.40E-29,4.31E-01,0.03,0.315,3752.5767,0.55,-0.016232
1,1,7282.45,4.21E-29,4.32E-01,0.0304,0.315,3752.5767,0.55,-0.0216
1,1,7282.5198,4.22E-27,8.43E-01,0.0561,0.333,2919.6323,0.57,-0.01996
1,4,7282.553971,1.98E-29,1.49E-03,0.071,0.281,916.1236,0.47,-0.0267
1,3,7282.5631,5.65E-26,1.06E+00,0.0643,0.32,753.7052,0.63,-0.01724
1,4,7282.587844,1.50E-26,3.15E-01,0.0835,0.333,609.9465,0.57,-0.01368
1,6,7282.599196,8.72E-29,1.49E+00,0.0846,0.434,231.5249,0.71,-0.00994
1,4,7282.599772,2.02E-25,1.67E+00,0.0998,0.371,362.5072,0.63,-0.008608
1,1,7282.6308,1.83E-27,4.75E-05,0.0634,0.315,1079.0792,0.55,-0.005176
1,4,7282.648678,3.77E-29,2.83E-03,0.0106,0.281,916.0289,0.47,-0.02092
1,6,7282.665493,2.90E-29,1.55E+00,0.0827,0.333,596.5306,0.57,-0.006189
1,4,7282.666389,2.72E-25,1.26E+00,0.1017,0.434,116.4613,0.71,-0.000951
1,1,7282.6852,2.28E-25,7.27E-01,0.0633,0.371,2042.7533,0.63,-0.01292
1,5,7282.701216,1.00E-29,2.34E-02,0.095,0.456,45.8986,0.72,-0.00318
1,1,7282.7059,2.56E-23,5.96E-01,0.0656,0.36,1079.0792,0.55,-0.016309
1,6,7282.718625,3.76E-28,3.36E+00,0.0975,0.456,46.0282,0.72,-0.00374
1,1,7282.7383,1.32E-25,1.70E+00,0.0388,0.265,2433.7991,0.44,-0.02612
1,1,7282.7429,1.22E-29,2.03E-03,0.0832,0.315,2904.6701,0.55,-0.01702
1,2,7282.7929,1.75E-28,9.78E-02,0.0975,0.456,1670.0369,0.72,-0.0025
1,1,7282.8129,2.98E-29,1.12E+00,0.0501,0.281,3832.395,0.47,0
1,2,7282.8575,7.42E-26,9.56E-01,0.057,0.32,1051.203,0.61,-0.017009
1,2,7282.8594,1.61E-26,4.69E-01,0.045,0.298,1288.2672,0.51,-0.01168
1,6,7282.863437,8.70E-29,1.49E+00,0.0846,0.434,231.553,0.71,-0.01108
1,4,7282.892875,4.27E-29,8.95E-01,0.0856,0.352,2004.7546,0.61,-0.01304
1,1,7282.9329,1.97E-25,2.70E-04,0.0732,0.371,447.2523,0.63,-0.002664
1,3,7282.9528,5.85E-24,8.22E+00,0.101,0.435,23.7735,0.73,-0.001889
1,1,7283.0189,5.24E-22,8.72E-01,0.0773,0.383,382.5169,0.69,-0.008569
1,2,7283.0408,2.47E-26,9.53E-01,0.054,0.262,1050.9901,0.61,-0.017859
1,2,7283.0702,8.68E-27,1.40E+00,0.051,0.265,1619.0557,0.55,-0.019539
1,5,7283.071488,3.02E-28,9.16E-01,0.0959,0.412,219.9793,0.69,-0.010333
1,2,7283.081,4.23E-27,8.92E+00,0.085,0.43,1810.1872,0.69,-0.00594
1,6,7283.119022,3.34E-29,4.34E-01,0.0962,0.412,216.0182,0.69,-0.011015
1,1,7283.1248,1.35E-25,1.80E-01,0.0659,0.298,1724.7047,0.51,-0.02462
1,2,7283.2152,2.93E-27,1.41E+00,0.0408,0.225,1618.8962,0.55,-0.02134
1,2,7283.2296,1.50E-29,1.88E+00,0.0407,0.371,2714.4445,0.63,-0.0077
1,2,7283.239,4.50E-29,1.88E+00,0.0455,0.371,2714.444,0.63,-0.01
1,1,7283.2848,7.12E-29,8.87E-01,0.019,0.183,3940.5844,0.33,-0.017964
1,2,7283.3686,3.63E-26,2.36E-02,0.0984,0.434,210.799,0.71,-0.01282
1,2,7283.3949,3.03E-29,2.66E-01,0.08,0.371,2138.0884,0.63,-0.009
1,1,7283.4504,2.40E-29,8.98E-01,0.0112,0.183,3940.5426,0.33,-0.017864
1,5,7283.50524,2.65E-29,5.50E-02,0.094,0.434,90.7654,0.71,-0.00426
1,1,7283.5441,1.28E-26,1.47E-03,0.0486,0.298,1446.1279,0.51,-0.01884
1,1,7283.604563,6.09E-27,1.48E+00,0.0257,0.265,2813.5273,0.44,-0.016976
1,3,7283.61037,3.92E-27,6.15E-02,0.077,0.391,415.145,0.67,0
1,1,7283.615161,1.83E-26,1.48E+00,0.0256,0.265,2813.5114,0.44,-0.016948
1,3,7283.6723,3.98E-29,5.26E-04,0.0731,0.371,647.0723,0.63,-0.01164
1,2,7283.7072,3.40E-29,7.35E-04,0.0848,0.333,980.2221,0.57,-0.000872
1,1,7283.7222,1.21E-29,5.21E-01,0.0302,0.315,4068.7041,0.55,-0.02012
1,1,7283.73114,8.03E-22,2.12E+00,0.0885,0.475,552.9114,0.63,-0.008989
1,1,7283.7327,4.43E-28,1.35E-02,0.0842,0.391,2251.6953,0.67,-0.01578
1,4,7283.757334,2.46E-28,9.69E-01,0.0997,0.48,1435.3001,0.73,-0.0057
1,2,7283.7716,6.68E-29,3.74E-01,0.0713,0.352,2300.7741,0.61,-0.00676
1,1,7283.7722,3.03E-25,3.93E-01,0.0362,0.265,1962.5062,0.44,-0.01592
1,4,7283.791138,3.13E-29,3.83E-03,0.0512,0.298,995.7933,0.51,-0.01984
1,4,7283.895273,4.37E-29,8.83E-01,0.0807,0.333,2023.0481,0.57,-0.00776
1,1,7283.91701,3.21E-23,3.26E-01,0.0605,0.33,885.6002,0.57,-0.00776
1,1,7283.9241,9.95E-27,1.81E-02,0.0365,0.25,1806.6701,0.41,-0.02774
1,3,7283.9496,1.91E-28,3.29E+00,0.0667,0.412,2122.9325,0.69,-0.01134
1,1,7283.9653,4.20E-24,1.05E+00,0.0581,0.39,1340.8845,0.55,-0.01894
1,1,7283.979214,1.25E-24,1.16E-02,0.0743,0.352,586.4792,0.61,-0.01034
1,6,7283.989557,3.86E-29,1.23E+00,0.0723,0.412,399.7264,0.69,-0.01134
1,1,7284.0127,3.57E-26,3.40E-01,0.0654,0.371,2041.7805,0.63,-0.01196
1,6,7284.019161,3.86E-29,1.23E+00,0.0723,0.412,399.7273,0.69,-0.01104
1,1,7284.0407,3.81E-26,9.68E-01,0.079,0.333,2495.1657,0.57,-0.01368
1,3,7284.0502,1.15E-28,6.28E-01,0.0319,0.315,1998.9566,0.55,-0.0252
1,3,7284.0502,1.15E-28,6.28E-01,0.0328,0.315,1998.9566,0.55,-0.01778
1,3,7284.058,2.64E-29,1.00E-03,0.0737,0.352,928.296,0.61,-0.012368
1,3,7284.0598,3.75E-29,9.09E-01,0.0401,0.281,2135.8594,0.47,-0.017616
1,3,7284.1205,6.38E-29,3.30E+00,0.0676,0.412,2122.9529,0.69,-0.01104
1,1,7284.2195,2.97E-26,1.81E-02,0.036,0.25,1806.6694,0.41,-0.024
1,2,7284.2989,3.41E-28,1.27E+00,0.0339,0.281,2305.3063,0.47,-0.02222
1,2,7284.4007,2.66E-25,2.62E-01,0.1002,0.51,69.9274,0.72,-0.00318
1,1,7284.4007,3.33E-24,2.68E-02,0.0828,0.43,782.4098,0.61,-0.00896
1,2,7284.4124,1.14E-28,1.28E+00,0.0335,0.281,2305.1955,0.47,-0.02196
1,3,7284.415,1.18E-29,9.12E-02,0.0828,0.391,1916.6738,0.67,-0.01086
1,1,7284.4198,2.85E-26,4.53E-04,0.0853,0.371,661.5489,0.63,-0.01056
1,1,7284.4636,1.65E-29,5.31E-01,0.0782,0.371,3713.0826,0.63,-0.0075
1,2,7284.4675,3.24E-28,4.38E-03,0.032,0.298,1109.802,0.51,-0.01886
1,1,7284.5618,1.79E-27,2.96E-02,0.0697,0.352,2181.0898,0.61,-0.0031
1,3,7284.6143,1.71E-27,3.19E-01,0.0502,0.335,1078.0207,0.55,-0.01206
1,4,7284.660707,9.84E-28,3.77E+00,0.0864,0.391,1625.748,0.67,-0.0086
1,1,7284.7174,1.01E-22,1.45E+00,0.0722,0.35,931.237,0.61,-0.013199
1,5,7284.733779,2.10E-27,3.40E+00,0.0953,0.434,90.7654,0.71,-0.0056
1,1,7284.7743,4.61E-26,8.28E-01,0.0616,0.25,2533.7917,0.41,-0.022596
1,5,7284.823033,4.48E-29,1.40E+00,0.0797,0.315,853.5464,0.55,-0.00882
1,3,7284.8277,2.52E-29,2.41E-03,0.0594,0.315,918.1406,0.55,-0.018
1,4,7284.86295,7.66E-29,5.86E-01,0.0864,0.371,1797.4463,0.63,-0.01852
1,2,7284.9082,1.59E-27,2.74E+00,0.0768,0.412,1994.703,0.69,-0.0129
1,6,7284.994359,7.32E-29,8.50E-01,0.103,0.434,99.9655,0.71,-0.004078
1,6,7284.994511,2.42E-35,2.19E-07,0.0855,0.434,99.9655,0.71,-0.001605
1,2,7285.0267,2.65E-29,1.38E-01,0.0758,0.412,1995.8701,0.69,-0.011224
1,1,7285.0452,1.98E-23,3.70E-02,0.083,0.493,285.4186,0.71,-0.011289
1,3,7285.1132,9.68E-29,7.88E-01,0.0422,0.281,2137.4196,0.47,-0.01856
1,1,7285.1854,4.21E-27,1.60E-05,0.0883,0.391,326.6255,0.67,-0.00714
1,6,7285.199589,5.17E-29,1.41E+00,0.089,0.371,402.1054,0.63,-0.0082
1,1,7285.2293,6.57E-29,1.29E-03,0.0827,0.391,2126.4076,0.67,-0.01552
1,5,7285.242411,1.14E-27,2.52E+00,0.0917,0.434,155.5262,0.71,-0.01032
1,1,7285.2514,3.63E-24,1.71E+00,0.051,0.275,1718.7185,0.51,-0.01964
1,3,7285.2753,1.76E-25,8.82E-01,0.0857,0.481,221.6211,0.69,-0.0069
1,1,7285.2887,8.22E-27,9.41E-04,0.0732,0.298,1446.1279,0.51,-0.001356
1,4,7285.351947,1.71E-25,8.69E-01,0.0969,0.456,66.1845,0.72,-0.007
1,3,7285.41,3.30E-29,1.45E-03,0.076,0.352,928.296,0.61,-0.01342
1,4,7285.42017,4.80E-26,2.41E-01,0.0934,0.391,225.8649,0.67,-0.0103
1,3,7285.4604,7.74E-27,3.48E-02,0.0993,0.48,36.9315,0.73,-0.0057
1,4,7285.473308,4.79E-28,2.46E-01,0.0705,0.265,1347.12,0.44,-0.03472
1,1,7285.4871,4.35E-28,8.60E-05,0.0575,0.298,1293.0173,0.51,-0.007484
1,3,7285.5168,5.27E-29,1.80E-01,0.0145,0.265,1958.358,0.44,-0.015688
1,1,7285.5168,5.62E-27,1.51E-05,0.0616,0.352,586.2435,0.61,-0.009608
1,1,7285.5346,4.10E-29,1.49E-03,0.0464,0.265,2437.4749,0.44,0
1,1,7285.5648,9.53E-28,4.03E-01,0.0422,0.281,3135.7642,0.47,-0.0278
1,1,7285.5876,2.56E-29,2.33E+00,0.0316,0.298,4240.9413,0.51,-0.02044
1,5,7285.602905,4.02E-29,8.64E-02,0.093,0.412,149.188,0.69,-0.0033
1,5,7285.627878,3.08E-28,7.79E-01,0.0909,0.391,224.2231,0.67,-0.009586
1,1,7285.6572,5.56E-28,1.90E-05,0.0752,0.333,882.8903,0.57,-0.005892
1,1,7285.6671,2.46E-24,9.00E+00,0.0922,0.42,1739.4837,0.71,-0.00964
1,1,7285.67196,5.04E-25,4.17E+00,0.0794,0.434,1907.4502,0.71,-0.00994
1,5,7285.702749,2.14E-28,6.11E-01,0.0964,0.434,155.5262,0.71,-0.006678
1,1,7285.7248,3.21E-26,2.93E-03,0.0583,0.315,1360.235,0.55,-0.011572
1,4,7285.753563,5.86E-28,3.32E+00,0.0855,0.391,1705.9589,0.67,-0.01272
1,1,7285.7588,4.09E-28,1.67E-06,0.0772,0.391,416.2087,0.67,-0.002692
1,1,7285.7624,1.59E-29,4.30E-04,0.0145,0.221,2631.2671,0.37,-0.01586
1,1,7285.7639,1.74E-28,6.66E+00,0.0751,0.391,3719.4932,0.67,-0.01326
1,2,7285.7703,3.41E-23,8.35E+00,0.093,0.51,78.9885,0.72,-0.006959
1,1,7285.7868,9.06E-27,4.81E-01,0.0527,0.25,2756.4142,0.41,-0.03288
1,2,7285.8206,3.21E-29,1.79E-03,0.0758,0.333,1126.439,0.57,-0.01618
1,3,7285.8836,7.74E-29,4.90E-01,0.0834,0.391,1916.6738,0.67,-0.00632
1,3,7285.9489,4.20E-26,3.01E-01,0.0693,0.41,584.9411,0.61,-0.0153
1,1,7285.991,1.08E-25,5.17E-01,0.0447,0.25,2246.8839,0.41,-0.03206
1,6,7285.997965,1.27E-28,1.15E+00,0.0943,0.434,99.9655,0.71,-0.01198
1,1,7286.0234,1.48E-24,5.57E+00,0.0943,0.456,1693.6499,0.72,-0.01046
1,4,7286.025784,9.10E-28,3.46E+00,0.0921,0.412,1590.045,0.69,-0.0081
1,1,7286.05085,2.05E-22,3.24E-01,0.0755,0.458,447.2523,0.63,-0.008249
1,3,7286.0944,2.00E-28,1.58E+00,0.0422,0.28,1868.8584,0.51,-0.02336
1,1,7286.1093,6.13E-27,2.60E-04,0.0636,0.315,1201.921,0.55,-0.00622
1,4,7286.112234,5.49E-29,7.68E-01,0.0852,0.371,1892.083,0.63,-0.0115
1,1,7286.2494,5.29E-28,9.68E-03,0.0826,0.371,2146.2636,0.63,-0.01108
1,2,7286.28868,1.86E-29,2.19E-01,0.0581,0.315,2501.9973,0.55,0
1,2,7286.3059,1.96E-26,6.78E-02,0.0691,0.32,751.0328,0.63,-0.01694
1,2,7286.31109,1.06E-26,7.33E+00,0.0934,0.434,1765.3982,0.71,-0.00914
1,5,7286.327816,8.66E-29,1.63E+00,0.0624,0.371,701.1159,0.63,-0.01268
1,2,7286.3344,8.37E-29,1.43E-01,0.0883,0.391,1993.2768,0.67,-0.00474
1,1,7286.3349,2.51E-29,8.33E-04,0.0705,0.25,2629.3329,0.41,-0.02846
1,5,7286.342121,8.65E-29,1.63E+00,0.0624,0.371,701.1172,0.63,-0.01334
1,1,7286.3628,4.69E-26,1.61E+00,0.057,0.25,2426.1953,0.41,-0.02038
1,2,7286.372,1.77E-24,1.40E+00,0.0995,0.48,94.7886,0.72,-0.003159
1,4,7286.38622,3.00E-28,1.15E+00,0.0881,0.391,1625.748,0.67,-0.0082
1,1,7286.389,1.26E-27,4.22E-03,0.0522,0.298,1875.4613,0.51,-0.01886
1,3,7286.4724,2.93E-27,1.42E+00,0.0532,0.34,1251.2914,0.57,-0.017719
1,2,7286.4958,7.67E-29,8.64E-02,0.0906,0.412,1814.087,0.69,-0.00482
1,4,7286.532292,1.03E-26,8.83E-01,0.053,0.371,872.7905,0.63,-0.01
1,4,7286.532646,1.03E-26,8.83E-01,0.049,0.371,872.7905,0.63,-0.0077
1,1,7286.5387,1.11E-27,3.18E-03,0.0454,0.265,2124.9499,0.44,-0.013056
1,3,7286.5578,6.02E-28,1.58E+00,0.0452,0.25,1868.3304,0.51,-0.02788
1,2,7286.611,2.02E-28,3.48E-01,0.0757,0.412,1994.703,0.69,-0.008944
1,3,7286.6441,7.10E-26,7.74E-01,0.0685,0.345,607.3977,0.67,-0.014629
1,3,7286.6513,1.50E-29,6.51E-01,0.0526,0.352,2176.3606,0.61,-0.01424
1,6,7286.671353,3.02E-28,2.98E+00,0.0969,0.456,65.9063,0.72,-0.01046
1,2,7286.7024,3.82E-29,1.45E-03,0.0812,0.333,1047.3285,0.57,-0.00928
1,1,7286.7166,6.26E-24,3.51E-02,0.0859,0.48,285.2193,0.71,-0.00886
1,1,7286.7682,9.30E-27,6.55E-04,0.0571,0.281,1327.1096,0.47,-0.008108
1,3,7286.7854,1.80E-26,7.04E-01,0.068,0.4,708.0166,0.61,-0.012949
1,3,7286.852,1.92E-26,6.27E-01,0.0677,0.315,607.1598,0.67,-0.014469
1,1,7286.8793,3.80E-27,4.24E-03,0.0524,0.298,1874.9727,0.51,-0.02058
1,6,7286.902766,1.12E-29,1.92E-01,0.0872,0.371,307.4497,0.63,-0.01132
1,1,7286.9144,1.54E-24,4.25E+00,0.081,0.434,1907.6157,0.71,-0.01108
1,2,7286.9867,1.53E-24,4.95E-01,0.099,0.515,136.3365,0.71,-0.007519
1,3,7287.0179,9.00E-27,1.45E+00,0.052,0.33,1250.4986,0.57,-0.015559
1,1,7287.02406,3.39E-22,3.10E-01,0.0929,0.412,300.3623,0.69,-0.0128
1,4,7287.031954,1.43E-25,1.76E+00,0.0906,0.352,473.9176,0.61,-0.012096
1,1,7287.0486,2.66E-21,1.53E+00,0.104,0.54,42.3717,0.73,-0.004739
1,4,7287.055932,2.76E-29,9.16E-01,0.0743,0.333,2124.9767,0.57,-0.00532
1,2,7287.2073,1.40E-25,1.30E-01,0.077,0.43,445.346,0.63,-0.01692
1,3,7287.2223,1.47E-29,8.33E-04,0.0722,0.371,754.8123,0.63,-0.010112
1,3,7287.2344,4.67E-29,6.75E-01,0.0518,0.352,2175.9374,0.61,-0.01336
1,1,7287.2399,7.35E-27,2.60E-01,0.0629,0.333,2337.4631,0.57,-0.0159
1,1,7287.241131,5.38E-27,2.33E-03,0.0711,0.315,1474.9803,0.55,-0.00656
1,3,7287.2439,6.76E-29,6.54E-01,0.0809,0.371,2038.3252,0.63,-0.01132
1,1,7287.2548,1.23E-26,1.08E+00,0.0554,0.352,2724.167,0.61,-0.01694
1,4,7287.322716,1.64E-29,9.63E-01,0.071,0.315,2265.2827,0.55,-0.00934
1,5,7287.363411,2.10E-28,5.94E-01,0.1047,0.434,153.8221,0.71,-0.011272
1,1,7287.3735,4.07E-27,1.07E+00,0.0543,0.352,2724.0413,0.61,-0.01746
1,3,7287.3756,1.06E-27,5.02E-01,0.0538,0.34,1290.2285,0.51,-0.02836
1,4,7287.379571,4.14E-29,8.47E-01,0.0782,0.352,1999.7768,0.61,-0.00846
1,4,7287.409328,1.05E-29,4.81E-03,0.0833,0.281,1287.2387,0.47,-0.01604
1,4,7287.424858,1.09E-29,3.25E-01,0.0821,0.333,2124.9767,0.57,-0.02576
1,1,7287.434796,5.29E-28,1.01E+00,0.0342,0.235,3266.5128,0.4,-0.03266
1,3,7287.4837,1.38E-29,4.30E-03,0.0254,0.352,1386.4192,0.61,-0.010988
1,5,7287.502314,6.22E-28,2.19E+00,0.0832,0.412,292.3092,0.69,-0.0129
1,1,7287.5028,1.35E-23,1.84E+00,0.0761,0.315,1216.2311,0.55,-0.01224
1,2,7287.5545,3.41E-26,6.63E-01,0.0541,0.23,880.1144,0.63,-0.02378
1,4,7287.563165,6.92E-29,5.58E-01,0.0819,0.352,1808.1276,0.61,-0.01068
1,1,7287.5813,3.29E-23,1.40E+00,0.0644,0.325,927.7439,0.61,-0.01304
1,2,7287.5918,1.01E-25,6.54E-01,0.0523,0.26,880.0762,0.63,-0.01886
1,4,7287.630387,2.19E-28,1.54E-01,0.0677,0.281,1410.5667,0.47,-0.01552
1,5,7287.643235,2.85E-28,8.45E-01,0.0916,0.412,215.1098,0.69,-0.007424
1,4,7287.673962,6.10E-29,2.36E-03,0.079,0.315,735.7351,0.55,-0.00534
1,3,7287.7094,1.14E-29,1.28E-03,0.0647,0.352,924.6417,0.61,-0.009668
1,3,7287.7236,4.93E-29,3.07E-03,0.0524,0.352,1055.2554,0.61,-0.017668
1,4,7287.761502,2.22E-29,2.43E+00,0.0648,0.333,2393.9046,0.57,-0.01454
1,2,7287.792,1.01E-27,1.03E+00,0.0357,0.298,2037.9336,0.51,-0.01748
1,1,7287.8122,6.42E-28,5.12E-01,0.0555,0.235,3101.4398,0.4,-0.03436
1,2,7287.8206,8.82E-29,4.66E-01,0.0746,0.371,2033.4886,0.63,-0.00552
1,2,7287.8387,3.36E-28,1.03E+00,0.0358,0.298,2037.9615,0.51,-0.014924
1,1,7287.8791,1.10E-29,2.09E-03,0.0281,0.298,2705.0962,0.51,-0.01948
1,2,7287.9216,6.15E-28,6.95E-04,0.0733,0.371,550.4507,0.63,-0.002596
1,4,7287.935741,2.22E-29,2.43E+00,0.0629,0.333,2393.9309,0.57,-0.01294
1,3,7287.9418,1.61E-29,3.00E-03,0.0509,0.352,1055.0542,0.61,-0.0133
1,1,7287.9807,2.19E-25,1.17E+00,0.0915,0.412,1817.4512,0.69,-0.0033
1,2,7288.0163,6.05E-26,4.31E-02,0.0944,0.47,298.6199,0.69,-0.00954
1,1,7288.0237,5.76E-29,4.78E-03,0.0594,0.315,2512.3753,0.55,-0.018
1,2,7288.0372,1.23E-29,2.11E-02,0.088,0.391,1993.2768,0.67,-0.003116
1,4,7288.079491,5.41E-29,7.50E-01,0.0801,0.371,1889.9764,0.63,-0.00838
1,1,7288.09098,4.32E-21,7.25E+00,0.099,0.537,37.1371,0.73,-0.005239
1,4,7288.110023,4.25E-25,1.90E+00,0.0902,0.456,108.9262,0.72,-0.00908
1,2,7288.1345,1.23E-29,4.37E-01,0.0616,0.333,2480.5054,0.57,-0.00628
1,2,7288.1526,4.58E-28,6.64E-01,0.0871,0.391,1993.2768,0.67,-0.00598
1,2,7288.19105,1.63E-29,8.41E-01,0.0398,0.235,2906.9722,0.4,0
1,2,7288.2146,1.20E-27,2.07E+00,0.0903,0.412,1994.703,0.69,-0.01654
1,4,7288.241659,5.94E-29,6.17E-01,0.0816,0.391,1796.5159,0.67,-0.01038
1,1,7288.2579,1.80E-29,3.86E-01,0.0746,0.371,3600.0526,0.63,-0.00552
1,4,7288.273171,1.12E-29,1.35E-01,0.0748,0.333,1916.2455,0.57,-0.01722
1,3,7288.2896,2.73E-27,6.50E-02,0.0837,0.44,541.997,0.63,-0.0043
1,3,7288.332,4.29E-29,8.06E-04,0.0697,0.371,753.7052,0.63,-0.01064
1,3,7288.3323,4.56E-27,1.51E+00,0.0681,0.385,1443.041,0.51,-0.01764
1,3,7288.3586,3.64E-24,5.60E+00,0.1032,0.46,42.187,0.73,-0.008779
1,1,7288.3691,9.55E-29,1.07E+00,0.0422,0.298,3565.0041,0.51,-0.02336
1,2,7288.3989,4.61E-26,1.28E-01,0.0735,0.371,444.8462,0.63,-0.01286
1,5,7288.458706,6.18E-28,2.18E+00,0.0832,0.412,292.5061,0.69,-0.00946
1,1,7288.459,2.28E-29,3.46E+00,0.0913,0.412,3875.0173,0.69,-0.01166
1,1,7288.4601,1.81E-25,6.78E-03,0.0818,0.352,927.7439,0.61,-0.00982
1,2,7288.4691,8.20E-28,9.96E-03,0.0693,0.44,812.7616,0.61,-0.01822
1,1,7288.4829,2.48E-26,1.44E-04,0.0537,0.333,744.1626,0.57,-0.01596
1,1,7288.5288,1.26E-28,7.41E-02,0.0447,0.235,3264.3362,0.4,-0.01176
1,5,7288.569297,2.77E-28,9.70E-01,0.0861,0.391,291.2422,0.67,-0.004271
1,1,7288.6298,2.97E-28,3.78E-01,0.0362,0.281,3136.4115,0.47,-0.01718
1,1,7288.6454,2.82E-28,1.05E+00,0.0452,0.298,3564.705,0.51,-0.02788
1,1,7288.74,8.53E-25,1.22E+00,0.0936,0.455,1772.4134,0.71,-0.0081
1,2,7288.7539,4.14E-28,1.00E-02,0.0736,0.333,980.2221,0.57,-0.0111
1,2,7288.8271,5.98E-27,1.11E+00,0.044,0.333,1399.4632,0.57,-0.02602
1,2,7288.8623,1.82E-26,1.13E+00,0.0483,0.205,1399.4279,0.57,-0.01922
1,1,7288.9101,6.23E-26,1.34E+00,0.0291,0.281,2522.2645,0.47,-0.02664
1,1,7288.912527,2.08E-26,1.34E+00,0.0291,0.281,2522.2607,0.47,-0.02658
1,5,7288.922775,2.60E-28,1.89E+00,0.0748,0.391,474.8895,0.67,-0.01284
1,4,7288.942779,5.91E-29,6.12E-01,0.0808,0.391,1795.7881,0.67,-0.00908
1,2,7289.0127,6.05E-25,7.93E-01,0.074,0.4,325.2157,0.67,-0.011199
1,3,7289.016661,5.61E-29,8.57E-01,0.0824,0.412,1871.6716,0.69,0
1,4,7289.022004,2.44E-29,8.46E-01,0.0759,0.315,2156.454,0.55,-0.01206
1,1,7289.038,3.19E-26,6.34E-04,0.0868,0.391,742.073,0.67,-0.01852
1,1,7289.04658,3.98E-24,2.80E-01,0.0502,0.335,1080.3853,0.55,-0.01206
1,5,7289.057808,2.60E-28,1.89E+00,0.0746,0.391,474.9065,0.67,-0.0112
1,3,7289.058,1.14E-29,1.48E-03,0.0659,0.352,924.6417,0.61,-0.01242
1,5,7289.06937,7.84E-28,1.27E+00,0.0961,0.434,90.7654,0.71,-0.00406
1,4,7289.10516,3.71E-26,1.77E+00,0.085,0.315,801.6439,0.55,-0.00552
1,6,7289.143236,5.28E-29,8.97E-01,0.0927,0.371,305.2092,0.63,-0.009844
1,2,7289.1531,4.03E-28,2.97E-04,0.088,0.391,398.3604,0.67,-0.003116
1,4,7289.168465,4.61E-29,1.10E-03,0.0732,0.333,609.9465,0.57,-0.01046
1,4,7289.173701,4.54E-29,5.45E-01,0.0807,0.333,1915.345,0.57,-0.0159
1,4,7289.194362,1.48E-29,1.19E-01,0.08,0.352,1806.4964,0.61,-0.01102
1,2,7289.2049,7.03E-27,7.64E+00,0.0837,0.32,1899.6087,0.69,-0.0125
1,1,7289.2365,6.01E-28,7.15E-03,0.0334,0.265,2433.7991,0.44,-0.017036
1,1,7289.2882,6.53E-29,3.34E+00,0.0899,0.412,3877.5752,0.69,-0.01136
1,4,7289.29455,8.15E-25,2.85E+00,0.0959,0.456,58.1269,0.72,-0.0073
1,4,7289.33893,2.03E-25,1.00E+00,0.0983,0.391,221.9462,0.67,-0.011491
1,1,7289.364059,1.61E-27,1.01E+00,0.0316,0.235,3264.3362,0.4,-0.03016
1,1,7289.3714,5.33E-25,1.82E+00,0.0456,0.281,2144.0458,0.47,-0.0275
1,5,7289.386922,4.36E-29,1.08E-01,0.092,0.391,220.464,0.67,-0.00632
1,1,7289.4018,9.08E-26,1.41E-01,0.068,0.281,1998.9948,0.47,-0.00984
1,3,7289.4706,1.26E-26,2.72E-01,0.0642,0.365,585.1623,0.61,-0.009509
1,4,7289.540138,2.09E-29,1.61E+00,0.0311,0.265,2392.8857,0.44,-0.02318
1,4,7289.540578,2.09E-29,1.61E+00,0.0306,0.265,2392.8856,0.44,-0.02294
1,1,7289.5527,3.04E-26,4.40E-01,0.03,0.25,2248.0632,0.41,-0.01726
1,3,7289.603044,1.53E-29,1.20E+00,0.0464,0.265,2603.9458,0.44,0
1,4,7289.604857,4.60E-29,3.98E-01,0.0803,0.412,1717.5214,0.69,-0.01106
1,2,7289.6408,1.69E-29,2.90E-02,0.0896,0.391,1993.2768,0.67,-0.01082
1,1,7289.6609,5.80E-27,1.08E-01,0.0698,0.265,2300.6841,0.44,-0.016084
1,5,7289.670387,7.09E-28,1.29E+00,0.0885,0.412,155.2084,0.69,-0.015005
1,6,7289.676011,1.40E-28,1.25E+00,0.1075,0.456,46.0282,0.72,-0.002765
1,1,7289.6863,3.96E-27,8.91E-01,0.0216,0.221,3080.1777,0.37,-0.019964
1,2,7289.6874,5.93E-25,9.18E-01,0.0922,0.47,325.2157,0.67,-0.0103
1,1,7289.7129,5.07E-28,7.75E+00,0.0879,0.412,3495.9394,0.69,-0.0125
1,6,7289.713395,5.85E-29,1.16E+00,0.0962,0.391,302.8051,0.67,-0.008698
1,3,7289.7378,4.75E-29,2.64E+00,0.058,0.391,2397.7814,0.67,-0.00978
1,3,7289.7379,1.58E-29,2.63E+00,0.0513,0.391,2397.7797,0.67,-0.01088
1,4,7289.788407,4.59E-29,3.97E-01,0.0805,0.412,1717.3356,0.69,-0.01094
1,1,7289.7945,3.82E-28,8.13E+00,0.0767,0.391,3598.5161,0.67,-0.01272
1,1,7289.8258,1.12E-29,1.98E-03,0.055,0.315,2690.5937,0.55,-0.003164
1,2,7289.8475,1.75E-23,5.59E+00,0.0906,0.5,133.4756,0.72,-0.007719
1,4,7289.858645,4.02E-25,1.80E+00,0.0914,0.456,109.2691,0.72,-0.008
1,5,7289.864975,3.43E-29,1.51E-01,0.0811,0.352,401.5738,0.61,-0.01736
1,1,7289.8683,2.17E-29,4.61E-01,0.0691,0.352,3879.3363,0.61,-0.0059
1,6,7289.885717,7.08E-29,8.41E-01,0.0976,0.412,155.7616,0.69,-0.00606
1,4,7289.922502,6.62E-26,1.72E+00,0.0903,0.333,653.0887,0.57,0.003886
1,1,7289.9847,1.50E-27,8.78E-02,0.0775,0.352,2439.9544,0.61,-0.01862
1,3,7290.0017,1.49E-29,2.53E-03,0.0656,0.281,1324.1216,0.47,-0.017608
1,2,7290.0285,3.55E-28,1.19E+00,0.0338,0.298,2037.9615,0.51,-0.02136
1,2,7290.0552,1.06E-27,1.18E+00,0.0337,0.298,2037.9336,0.51,-0.0212
1,1,7290.0772,6.06E-26,3.45E-01,0.0737,0.371,2161.2859,0.63,-0.01852
1,1,7290.1045,3.21E-29,2.16E+00,0.0906,0.434,3864.7637,0.71,-0.00758
1,1,7290.10868,1.42E-21,9.00E-01,0.082,0.47,224.8384,0.69,-0.011019
1,1,7290.1508,2.87E-29,7.53E-01,0.0942,0.434,3791.3721,0.71,-0.00406
1,1,7290.1834,1.29E-29,5.18E-01,0.0354,0.25,3879.7196,0.41,-0.016964
1,3,7290.2479,2.34E-27,9.16E+00,0.075,0.445,1817.6264,0.69,-0.003569
1,2,7290.27369,1.36E-28,7.60E-01,0.0464,0.265,2420.9648,0.44,0
1,3,7290.2816,1.36E-29,2.48E-03,0.0601,0.333,1250.4986,0.57,-0.01456
1,3,7290.3319,4.00E-28,7.49E-01,0.0295,0.333,1778.3071,0.57,-0.009728
1,3,7290.3319,4.00E-28,7.49E-01,0.0299,0.164,1778.3071,0.57,-0.00564
1,5,7290.351025,2.23E-28,1.03E+00,0.0849,0.371,381.9186,0.63,-0.007592
1,2,7290.3891,1.11E-27,5.78E+00,0.0814,0.412,1995.8701,0.69,-0.00946
1,5,7290.40721,7.10E-29,1.21E+00,0.0828,0.333,706.5986,0.57,-0.01008
1,6,7290.410733,3.73E-28,3.38E+00,0.092,0.434,99.9655,0.71,-0.00964
1,1,7290.4226,5.59E-29,6.37E-03,0.0204,0.208,2952.3919,0.35,-0.010068
1,1,7290.4385,7.58E-24,8.92E+00,0.0928,0.485,1731.8967,0.71,-0.0056
1,4,7290.43937,2.92E-25,1.16E+00,0.1093,0.48,15.5082,0.73,-0.000719
1,2,7290.4584,1.15E-28,5.81E-01,0.0392,0.333,2328.0658,0.57,-0.01664
1,2,7290.5238,1.96E-24,8.51E-01,0.0747,0.391,324.0465,0.67,-0.0082
1,1,7290.5614,1.63E-25,1.66E+00,0.04,0.281,2142.5967,0.47,-0.02384
1,3,7290.59,9.22E-28,1.04E-01,0.0657,0.352,924.6417,0.61,-0.0139
1,3,7290.6421,2.99E-29,9.13E-02,0.0975,0.456,1673.3478,0.72,-0.0025
1,1,7290.6516,1.62E-29,3.72E+00,0.0534,0.352,4368.6373,0.61,-0.01804
1,2,7290.7018,2.64E-27,2.00E-02,0.0481,0.333,740.9122,0.57,-0.012576
1,4,7290.72042,2.01E-26,1.92E+00,0.0829,0.298,964.8505,0.51,-0.01088
1,1,7290.7212,2.03E-26,2.41E-01,0.0583,0.333,2337.6665,0.57,-0.0138
1,2,7290.7621,1.62E-29,2.50E-01,0.0618,0.352,2308.9059,0.61,-0.01944
1,4,7290.799557,2.67E-29,2.02E+00,0.0635,0.208,2430.9938,0.35,-0.01236
1,1,7290.813363,2.12E-27,4.27E-02,0.0758,0.265,2300.6841,0.44,-0.02536
1,3,7290.8196,3.64E-27,5.77E-01,0.045,0.298,1290.7987,0.51,-0.01168
1,3,7290.821,2.31E-29,1.66E-03,0.0787,0.333,881.0994,0.57,-0.00144
1,2,7290.8261,3.01E-27,1.81E-02,0.0732,0.391,604.5442,0.67,-0.01108
1,2,7290.8588,1.21E-29,1.61E-04,0.0717,0.333,879.4945,0.57,0.000896
1,2,7290.9105,4.55E-27,3.71E-01,0.0422,0.281,1518.5425,0.47,-0.0278
1,2,7290.9163,3.77E-29,5.71E-01,0.0419,0.333,2327.8848,0.57,-0.01536
1,1,7290.9515,1.25E-29,1.68E-02,0.036,0.25,3391.1269,0.41,-0.024
1,1,7290.9532,4.92E-29,1.36E-03,0.02,0.208,2660.944,0.35,-0.008268
1,2,7290.9932,1.21E-23,8.52E+00,0.0965,0.488,69.9274,0.72,-0.003949
1,1,7290.9983,3.85E-29,1.61E-03,0.0737,0.352,2572.1393,0.61,-0.012368
1,5,7291.075451,1.66E-28,7.25E-01,0.0829,0.352,400.3633,0.61,-0.015468
1,6,7291.089554,2.22E-28,2.62E+00,0.0921,0.434,154.5577,0.71,-0.01032
1,2,7291.1318,1.07E-27,5.70E-03,0.0837,0.352,839.5494,0.61,-0.00942
1,2,7291.2263,3.51E-28,4.30E-03,0.0556,0.298,1109.802,0.51,-0.006284
1,1,7291.2317,2.73E-29,1.01E-03,0.0423,0.25,2426.1953,0.41,-0.02128
1,4,7291.242664,5.46E-27,2.87E+00,0.044,0.333,1294.8365,0.57,-0.01642
1,4,7291.242674,4.80E-27,2.52E+00,0.0464,0.333,1294.8365,0.57,-0.0151
1,1,7291.245,2.45E-28,1.83E-04,0.0672,0.281,1813.2226,0.47,-0.007972
1,1,7291.2699,1.19E-28,5.56E+00,0.0665,0.371,4015.5154,0.63,-0.01424
1,3,7291.3258,1.52E-27,7.19E+00,0.0882,0.415,1815.0792,0.71,-0.01032
1,1,7291.3928,1.57E-23,1.47E-01,0.0626,0.395,586.4792,0.61,-0.01808
1,1,7291.4195,4.17E-27,5.51E-01,0.0541,0.371,2552.8797,0.63,-0.02378
1,4,7291.428797,2.30E-28,1.17E+00,0.0814,0.371,1712.8238,0.63,-0.01292
1,1,7291.4309,1.27E-25,7.50E-04,0.0839,0.391,416.2087,0.67,-0.0097
1,1,7291.4321,7.65E-24,1.24E+00,0.0579,0.345,1477.2972,0.55,-0.01956
1,1,7291.4414,1.25E-26,5.51E-01,0.0523,0.371,2552.8572,0.63,-0.01886
1,1,7291.5104,3.10E-28,9.19E-03,0.0875,0.371,2211.1905,0.63,-0.01044
1,1,7291.5234,1.99E-25,2.91E-01,0.0739,0.298,1724.7047,0.51,-0.01422
1,1,7291.60989,5.16E-23,1.60E-01,0.0644,0.395,586.2435,0.61,-0.014349
1,1,7291.6273,6.75E-28,7.82E+00,0.0896,0.412,3438.5751,0.69,-0.0081
1,1,7291.6435,1.39E-24,7.29E+00,0.0883,0.434,1813.7876,0.71,-0.01032
1,1,7291.6475,3.36E-24,1.61E+00,0.0492,0.315,1474.9803,0.55,-0.01786
1,2,7291.6521,1.29E-28,4.42E-03,0.0097,0.281,1321.4542,0.47,-0.02092
1,1,7291.7123,5.73E-23,1.23E+00,0.0681,0.385,757.7801,0.63,-0.0166
1,1,7291.7142,5.01E-27,1.66E-03,0.0561,0.298,1437.9678,0.51,-0.01678
1,4,7291.841243,1.12E-27,2.00E+00,0.0741,0.25,1618.7004,0.41,-0.01022
1,6,7291.853971,1.43E-29,1.33E+00,0.0844,0.315,733.1729,0.55,-0.01632
1,2,7291.893,7.95E-28,2.98E-03,0.0813,0.371,541.18,0.63,-0.004632
1,3,7291.9064,1.24E-26,4.86E-01,0.079,0.44,708.0166,0.61,-0.011049
1,1,7291.9399,3.37E-29,3.76E-03,0.0744,0.333,2595.8127,0.57,-0.0113
1,5,7292.034984,1.74E-27,3.18E+00,0.0948,0.434,115.6651,0.71,-0.00914
1,3,7292.0508,1.06E-29,3.38E-04,0.0853,0.371,601.9611,0.63,-0.00896
1,1,7292.0664,2.39E-28,2.01E-02,0.0677,0.333,2764.6973,0.57,-0.02376
1,5,7292.06738,1.94E-28,5.76E-01,0.0892,0.391,291.2422,0.67,-0.014232
1,3,7292.1315,1.21E-26,8.55E-01,0.057,0.32,1055.2554,0.61,-0.017009
1,5,7292.153083,1.93E-27,3.49E+00,0.09,0.412,155.2084,0.69,-0.0085
1,4,7292.178757,2.93E-28,1.50E+00,0.04,0.298,1802.3352,0.51,-0.02242
1,4,7292.178893,2.93E-28,1.50E+00,0.036,0.298,1802.3352,0.51,-0.01838
1,1,7292.2835,6.02E-29,7.99E-04,0.0731,0.371,2271.712,0.63,-0.01164
1,3,7292.3002,3.87E-27,8.19E-01,0.054,0.262,1055.0542,0.61,-0.017859
1,4,7292.334582,7.69E-28,3.91E+00,0.0801,0.371,1712.8238,0.63,-0.01278
1,1,7292.3433,1.31E-29,4.80E-01,0.0709,0.352,3739.5191,0.61,-0.01736
1,1,7292.37387,1.66E-21,1.29E+00,0.094,0.535,224.8384,0.69,-0.008719
1,1,7292.4083,2.63E-27,1.63E-02,0.0297,0.235,2073.5142,0.4,-0.02338
1,5,7292.472863,3.49E-29,1.12E+00,0.078,0.298,879.0993,0.51,-0.02836
1,4,7292.473244,5.12E-29,7.63E-04,0.0586,0.333,513.2072,0.57,-0.01596
1,2,7292.5025,2.71E-26,2.05E-01,0.061,0.35,740.9122,0.57,-0.017129
1,2,7292.5169,1.63E-27,4.00E-01,0.0362,0.281,1518.7876,0.47,-0.01718
1,4,7292.53367,2.48E-28,8.40E-01,0.0989,0.456,1472.1976,0.72,-0.0083
1,1,7292.5545,4.03E-25,5.39E-04,0.0999,0.434,285.4186,0.71,-0.01782
1,1,7292.60101,1.66E-22,1.18E+00,0.0643,0.32,756.7247,0.63,-0.01724
1,1,7292.6416,3.94E-29,5.53E+00,0.075,0.371,4016.0531,0.63,-0.00794
1,1,7292.6602,1.48E-25,1.48E-04,0.0944,0.412,224.8384,0.69,-0.00246
1,1,7292.6644,8.44E-28,2.68E-02,0.0679,0.333,2337.4631,0.57,-0.015176
1,5,7292.677938,2.22E-28,7.09E-01,0.0863,0.371,306.4077,0.63,-0.01518
1,4,7292.735453,3.69E-26,1.05E+00,0.0595,0.391,615.9686,0.67,-0.01088
1,4,7292.736311,3.69E-26,1.05E+00,0.0595,0.391,615.9688,0.67,-0.00978
1,2,7292.76468,3.97E-29,6.80E-01,0.0464,0.265,2425.2036,0.44,0
1,3,7292.7819,6.03E-28,6.95E+00,0.085,0.43,1813.6122,0.69,-0.00594
1,4,7292.809547,9.68E-26,1.49E+00,0.0879,0.352,520.1235,0.61,-0.00616
1,3,7292.8396,1.60E-27,1.42E+00,0.051,0.265,1624.8421,0.55,-0.019539
1,3,7292.8396,1.60E-27,1.42E+00,0.0533,0.315,1624.8421,0.55,-0.01764
1,1,7292.9342,2.89E-29,3.46E-04,0.0839,0.391,2024.1523,0.67,-0.01556
1,1,7292.9486,2.26E-29,2.13E-03,0.0596,0.333,2764.6973,0.57,-0.011384
1,1,7292.9613,1.49E-27,9.35E+00,0.0614,0.371,3601.8588,0.63,-0.01278
1,2,7292.9678,5.08E-25,5.81E-01,0.091,0.485,221.2339,0.69,-0.003289
1,4,7292.97775,1.32E-25,6.47E-01,0.1069,0.456,58.1269,0.72,-0.005545
1,4,7292.979468,3.00E-29,3.04E-04,0.0811,0.352,404.4457,0.61,-0.01034
1,1,7292.9825,4.64E-25,1.23E-03,0.0839,0.391,326.6255,0.67,-0.002792
1,1,7293.00765,2.58E-25,6.14E-04,0.077,0.352,586.2435,0.61,-0.008012
1,1,7293.0103,1.33E-27,9.18E-01,0.0331,0.221,3083.8644,0.37,-0.015464
1,4,7293.0154,3.91E-28,1.97E+00,0.0735,0.235,1846.4021,0.4,-0.02396
1,2,7293.07051,1.89E-27,1.06E+00,0.0609,0.281,1688.2861,0.47,-0.02702
1,4,7293.071596,2.83E-27,1.94E+00,0.0738,0.265,1405.1254,0.44,-0.00712
1,4,7293.087424,8.40E-29,2.71E+00,0.0738,0.352,2118.9452,0.61,-0.01324
1,4,7293.111237,2.50E-28,3.01E+00,0.0793,0.371,1889.9764,0.63,-0.01418
1,5,7293.119477,1.56E-28,1.04E+00,0.0763,0.352,486.8039,0.61,-0.013435
1,4,7293.164611,1.85E-28,2.75E-03,0.0737,0.333,512.5158,0.57,-0.01164
1,2,7293.278,7.13E-29,6.07E-02,0.0596,0.25,2033.7654,0.41,-0.012976
1,1,7293.3242,9.20E-27,8.22E-02,0.088,0.391,1922.829,0.67,-0.0145
1,1,7293.3337,1.23E-29,7.67E-04,0.0722,0.371,2399.1654,0.63,-0.010112
1,1,7293.3757,1.67E-25,1.07E+00,0.0313,0.298,2254.2833,0.51,-0.02342
1,1,7293.376815,5.58E-26,1.07E+00,0.0287,0.298,2254.284,0.51,-0.02158
1,1,7293.4326,1.18E-28,3.37E-03,0.0837,0.352,2462.8752,0.61,-0.00942
1,4,7293.435055,1.91E-26,2.28E-01,0.0946,0.371,467.5145,0.63,-0.01518
1,1,7293.5032,5.05E-28,6.56E+00,0.0819,0.391,3722.7311,0.67,-0.01034
1,1,7293.5356,3.12E-29,3.73E+00,0.0311,0.265,4329.319,0.44,-0.020916
1,6,7293.563823,5.65E-29,9.22E-01,0.0959,0.412,220.8526,0.69,-0.010333
1,2,7293.6128,1.56E-27,2.12E-03,0.0772,0.412,482.6435,0.69,-0.01056
1,1,7293.6291,1.22E-29,1.52E-03,0.0647,0.352,2569.5079,0.61,-0.009668
1,3,7293.6506,1.86E-28,2.15E+00,0.0902,0.412,1813.6122,0.69,-0.004772
1,2,7293.6852,4.11E-26,1.12E+00,0.0473,0.3,1204.1745,0.61,-0.01996
1,2,7293.68827,8.44E-27,6.88E-01,0.0417,0.352,1204.1692,0.61,-0.01914
1,1,7293.7028,4.75E-26,8.02E-02,0.0689,0.281,1998.9948,0.47,-0.01364
1,1,7293.7125,3.05E-27,3.42E-02,0.0999,0.456,1743.4863,0.72,-0.01254
1,1,7293.7609,7.61E-28,9.60E-01,0.0424,0.315,3321.0133,0.55,-0.01742
1,1,7293.8368,2.58E-28,9.76E-01,0.0408,0.315,3320.9296,0.55,-0.02134
1,1,7293.86062,5.33E-22,1.00E+00,0.0857,0.481,222.0528,0.69,-0.0069
1,1,7293.8626,1.03E-29,3.69E+00,0.0321,0.265,4329.4949,0.44,-0.02076
1,1,7293.8661,9.07E-24,2.93E-01,0.0651,0.333,1122.7083,0.57,-0.023
1,1,7293.8675,4.69E-29,9.69E-05,0.0121,0.235,2073.5136,0.4,-0.010545
1,1,7293.8701,4.49E-25,9.97E-01,0.0331,0.315,1810.583,0.55,-0.014744
1,2,7293.872,1.03E-25,2.60E-01,0.0583,0.32,740.9986,0.57,-0.0138
1,1,7293.88,1.35E-24,9.96E-01,0.0331,0.315,1810.5877,0.55,-0.013864
1,1,7293.8905,1.37E-27,2.47E-02,0.081,0.371,2398.3816,0.63,-0.01496
1,1,7293.8947,6.75E-28,1.25E-04,0.053,0.281,1524.8473,0.47,-0.00664
1,2,7293.9239,2.18E-25,4.41E-01,0.0835,0.467,414.1682,0.67,-0.012739
1,6,7293.927829,9.24E-36,8.02E-08,0.1044,0.434,91.0322,0.71,-0.000495
1,2,7293.932,5.42E-29,2.50E-04,0.0806,0.352,839.5494,0.61,-0.007176
1,4,7293.950885,1.78E-25,1.13E+00,0.0846,0.434,233.0238,0.71,-0.00994
1,1,7293.9616,2.85E-29,8.57E-01,0.0998,0.48,3698.491,0.73,-0.00686
1,4,7293.97129,7.78E-26,1.55E+00,0.0827,0.333,598.5631,0.57,-0.006189
1,1,7294.0323,2.49E-27,6.60E-03,0.04,0.265,2124.9499,0.44,-0.03202
1,1,7294.0886,1.38E-29,9.29E-02,0.0464,0.265,3512.3357,0.44,0
1,1,7294.0888,4.13E-29,2.79E-01,0.0464,0.265,3512.3357,0.44,0
1,1,7294.119,3.63E-29,7.55E-04,0.0697,0.371,2398.3816,0.63,-0.01064
1,1,7294.12308,1.63E-20,8.56E+00,0.101,0.435,23.7944,0.73,-0.001889
1,4,7294.129623,5.83E-29,1.39E-03,0.0648,0.315,634.7909,0.55,-0.018
1,2,7294.1326,2.86E-27,1.70E-02,0.0875,0.42,601.2377,0.63,-0.01044
1,3,7294.1663,6.55E-28,8.35E-03,0.0704,0.352,702.886,0.61,-0.00862
1,4,7294.181936,1.04E-24,3.43E+00,0.0975,0.456,46.1731,0.72,-0.00374
1,1,7294.1871,6.02E-28,3.04E-01,0.0491,0.352,3109.9112,0.61,-0.01074
1,4,7294.210736,2.39E-25,1.52E+00,0.0846,0.434,233.0513,0.71,-0.01108
1,1,7294.2177,2.01E-28,3.05E-01,0.0471,0.352,3109.9113,0.61,-0.00804
1,4,7294.225934,8.34E-29,2.70E+00,0.0723,0.352,2119.2114,0.61,-0.00896
1,3,7294.2415,5.68E-29,4.18E-03,0.032,0.298,1112.0413,0.51,-0.01886
1,4,7294.243128,8.84E-26,4.26E-01,0.0962,0.412,217.0419,0.69,-0.011015
1,1,7294.26044,1.25E-22,3.37E-01,0.0693,0.41,586.2435,0.61,-0.0153
1,4,7294.263662,3.10E-28,3.13E-03,0.0809,0.352,403.1615,0.61,-0.00942
1,4,7294.281213,7.76E-28,3.89E+00,0.0804,0.371,1709.9714,0.63,-0.01082
1,2,7294.2988,2.62E-29,8.98E-02,0.0902,0.412,1868.2538,0.69,-0.0057
1,3,7294.3034,3.11E-25,1.33E+00,0.0995,0.48,94.9707,0.72,-0.003159
1,3,7294.3572,1.24E-29,3.81E-01,0.0713,0.352,2304.9994,0.61,-0.00676
1,1,7294.3953,1.07E-29,2.11E+00,0.0901,0.434,3858.8759,0.71,-0.0076
1,1,7294.4307,4.92E-28,9.15E+00,0.0619,0.371,3600.0526,0.63,-0.01082
1,2,7294.4475,9.57E-28,2.80E-02,0.0517,0.298,1288.2672,0.51,-0.001536
1,1,7294.4858,1.36E-24,2.29E-03,0.0993,0.48,37.1371,0.73,-0.0057
1,4,7294.49241,8.73E-29,2.07E-03,0.0737,0.315,634.4282,0.55,-0.00794
1,4,7294.518315,8.45E-29,1.91E+00,0.0673,0.221,2169.0591,0.37,-0.00626
1,2,7294.5668,5.79E-29,5.96E-03,0.0428,0.281,1321.4602,0.47,0
1,5,7294.605019,1.83E-29,1.83E+00,0.053,0.333,1093.027,0.57,-0.01372
1,5,7294.607612,1.83E-29,1.83E+00,0.0522,0.333,1093.0276,0.57,-0.01932
1,2,7294.6433,7.40E-29,5.65E-01,0.0782,0.371,2138.0884,0.63,-0.0075
1,1,7294.6717,4.57E-29,4.34E+00,0.0296,0.281,4265.9757,0.47,-0.02484
1,1,7294.6844,1.53E-29,4.34E+00,0.0296,0.281,4265.9736,0.47,-0.02478
1,1,7294.7319,2.22E-26,4.36E-01,0.0262,0.235,2551.4821,0.4,-0.02186
1,5,7294.741172,1.22E-27,2.95E+00,0.0886,0.412,215.1098,0.69,-0.0125
1,1,7294.7699,4.70E-25,3.13E+00,0.0667,0.412,2129.5991,0.69,-0.01134
1,3,7294.7741,4.72E-26,2.50E-01,0.1002,0.51,70.0047,0.72,-0.00318
1,2,7294.7796,4.92E-26,8.84E-02,0.0816,0.48,645.3824,0.63,-0.01518
1,2,7294.7997,1.13E-28,2.13E-03,0.0649,0.315,1198.1995,0.55,-0.01288
1,2,7294.8601,3.10E-27,9.23E+00,0.0723,0.43,1914.9334,0.67,-0.01072
1,5,7294.866171,3.71E-29,1.17E-01,0.0904,0.371,304.2194,0.63,-0.00552
1,4,7294.866764,7.62E-27,1.57E+00,0.0807,0.281,1141.6915,0.47,-0.01674
1,1,7294.9247,2.10E-25,4.20E+00,0.0676,0.412,2129.6185,0.69,-0.01104
1,6,7294.931283,4.02E-28,3.49E+00,0.0953,0.434,91.0322,0.71,-0.0056
1,1,7294.9613,7.75E-28,4.28E-06,0.0829,0.352,704.214,0.61,-0.004424
1,2,7295.0073,1.08E-29,1.66E-02,0.0807,0.371,2034.3767,0.63,-0.005008
1,5,7295.019619,1.02E-28,1.05E+00,0.0959,0.352,577.3477,0.61,-0.014516
1,2,7295.0299,2.62E-27,9.90E-01,0.0365,0.205,1794.3801,0.55,-0.02126
1,1,7295.0327,4.07E-29,4.11E-01,0.0887,0.456,3317.2107,0.72,-0.00876
1,2,7295.0353,8.73E-28,9.90E-01,0.0341,0.315,1794.3747,0.55,-0.02256
1,4,7295.047836,1.21E-29,7.73E-01,0.0701,0.298,2303.1586,0.51,-0.01168
1,2,7295.0637,5.69E-24,5.50E+00,0.0912,0.5,134.783,0.72,-0.008
1,3,7295.1131,5.41E-28,5.13E+00,0.0768,0.412,1999.4635,0.69,-0.0129
1,1,7295.1461,2.83E-27,1.08E-03,0.049,0.315,1631.383,0.55,-0.02022
1,1,7295.1746,6.07E-29,3.41E+00,0.0954,0.434,3827.3927,0.71,-0.00678
1,1,7295.186,1.19E-27,1.16E-02,0.0769,0.371,2271.712,0.63,-0.01604
1,4,7295.186998,2.31E-28,1.16E+00,0.0829,0.371,1709.9714,0.63,-0.01196
1,1,7295.1923,1.96E-28,7.04E-01,0.0527,0.265,3592.4232,0.44,-0.03472
1,1,7295.2055,1.63E-26,2.24E-04,0.0589,0.333,744.0637,0.57,-0.007276
1,5,7295.235589,3.67E-29,3.27E-01,0.0872,0.352,572.1281,0.61,-0.01862
1,4,7295.273161,2.40E-29,3.60E-03,0.0247,0.265,1075.7147,0.44,-0.0218
1,1,7295.2788,4.17E-26,6.92E-01,0.0526,0.352,2181.0898,0.61,-0.01424
1,2,7295.2797,3.48E-28,5.01E+00,0.0681,0.391,2238.9748,0.67,-0.01284
1,4,7295.28196,9.96E-26,1.18E+00,0.0723,0.412,402.3295,0.69,-0.01134
1,1,7295.2838,1.21E-27,1.39E-03,0.046,0.315,1631.2453,0.55,-0.02204
1,1,7295.2855,7.30E-27,1.51E-02,0.0089,0.235,2073.5136,0.4,-0.02062
1,1,7295.2894,2.15E-24,1.52E-01,0.055,0.32,1080.3853,0.55,-0.003164
1,1,7295.2953,1.03E-26,1.73E-03,0.0598,0.281,1524.8473,0.47,0.00272
1,3,7295.2987,9.20E-27,3.23E-02,0.0984,0.434,211.4359,0.71,-0.01282
1,4,7295.310382,1.02E-25,1.21E+00,0.0723,0.412,402.3302,0.69,-0.01104
1,6,7295.333076,2.17E-28,2.58E+00,0.0917,0.434,156.2486,0.71,-0.01032
1,1,7295.3709,1.46E-27,9.19E-04,0.0688,0.281,1813.2226,0.47,0.005836
1,1,7295.3775,2.59E-29,2.37E-05,0.0431,0.315,1810.5877,0.55,-0.02436
1,2,7295.45,4.20E-28,1.71E-03,0.0756,0.43,482.6725,0.69,-0.01942
1,2,7295.4771,1.68E-29,4.64E-01,0.0503,0.315,2677.2832,0.55,-0.00812
1,1,7295.4866,2.65E-24,4.75E-01,0.0538,0.34,1293.0173,0.51,-0.02836
1,1,7295.5203,1.56E-27,9.09E-06,0.0521,0.333,744.1626,0.57,-0.011944
1,3,7295.5593,5.94E-29,1.24E+00,0.0339,0.281,2313.0979,0.47,-0.02222
1,3,7295.5593,5.94E-29,1.24E+00,0.0409,0.281,2313.0979,0.47,-0.02056
1,1,7295.63234,7.14E-24,1.31E-01,0.0648,0.333,1006.1157,0.57,-0.01924
1,3,7295.6326,6.53E-24,8.61E+00,0.093,0.51,79.2273,0.72,-0.006959
1,2,7295.641,2.35E-29,7.81E-02,0.0913,0.412,1810.1872,0.69,-0.00798
1,1,7295.6586,8.87E-27,5.58E-04,0.0743,0.315,1282.9188,0.55,-0.009128
1,5,7295.690785,1.99E-27,3.51E+00,0.0918,0.412,149.188,0.69,-0.00594
1,1,7295.6971,9.12E-27,1.20E+00,0.0342,0.25,2927.9399,0.41,-0.0317
1,1,7295.6997,1.66E-28,2.19E-01,0.03,0.265,3386.3787,0.44,-0.01976
1,1,7295.7066,7.86E-28,9.74E-06,0.0856,0.391,610.1144,0.67,-0.013605
1,4,7295.73115,5.93E-27,2.14E-01,0.0757,0.315,743.0973,0.55,-0.02226
1,1,7295.7443,2.98E-28,2.96E-02,0.0823,0.315,2818.3977,0.55,0.001448
1,1,7295.7692,6.16E-27,5.38E-01,0.0254,0.221,2872.2731,0.37,-0.02956
1,1,7295.8631,1.37E-25,7.57E-01,0.0518,0.352,2180.6428,0.61,-0.01336
1,1,7295.8788,3.27E-29,7.84E-03,0.0291,0.221,3080.1777,0.37,-0.013064
1,6,7295.920116,5.77E-29,7.86E-01,0.0909,0.391,224.9973,0.67,-0.009586
1,2,7295.9694,5.71E-29,5.15E-01,0.0709,0.352,2172.1432,0.61,-0.01736
1,2,7295.9832,7.38E-29,1.31E-03,0.066,0.333,1116.636,0.57,-0.01228
1,1,7295.996161,8.73E-27,8.84E-04,0.0766,0.333,1131.7755,0.57,-0.010612
1,1,7295.9986,6.45E-26,2.34E-03,0.0594,0.315,920.2098,0.55,-0.018
1,2,7296.1255,9.45E-28,4.54E+00,0.071,0.391,2239.1569,0.67,-0.0112
1,3,7296.1708,2.00E-27,7.56E+00,0.0934,0.434,1768.7043,0.71,-0.00914
1,1,7296.1785,2.57E-26,1.30E+00,0.0373,0.235,2746.0224,0.4,-0.02226
1,4,7296.182815,1.12E-29,4.90E-03,0.0581,0.281,1278.4381,0.47,-0.01666
1,6,7296.190553,4.01E-29,6.15E-01,0.0964,0.434,156.2486,0.71,-0.006678
1,3,7296.2045,8.90E-29,7.06E-01,0.0871,0.391,1996.8541,0.67,-0.00598
1,1,7296.2399,1.25E-28,4.18E-01,0.0849,0.456,3316.1453,0.72,-0.00722
1,2,7296.2531,9.34E-27,9.19E+00,0.0741,0.402,1913.0224,0.67,-0.0086
1,4,7296.282015,2.24E-29,3.41E-01,0.0307,0.221,2087.1384,0.37,-0.00986
1,6,7296.294577,1.62E-29,1.67E+00,0.0624,0.371,704.8936,0.63,-0.01268
1,6,7296.298048,1.62E-29,1.67E+00,0.0624,0.371,704.8948,0.63,-0.01334
1,1,7296.4406,3.58E-29,1.02E-03,0.0585,0.265,2612.7991,0.44,-0.02584
1,5,7296.45069,5.71E-28,1.26E+00,0.1094,0.48,32.1491,0.73,-0.0092
1,4,7296.453878,1.27E-29,7.59E-01,0.0754,0.333,2245.3807,0.57,-0.01598
1,1,7296.4755,1.91E-27,7.50E-01,0.0329,0.25,2927.0741,0.41,-0.03054
1,2,7296.4904,1.77E-28,4.09E-01,0.0887,0.456,1735.4376,0.72,-0.00876
1,1,7296.5039,2.16E-28,2.37E-02,0.0732,0.352,2569.5079,0.61,-0.02182
1,4,7296.51248,5.77E-27,1.64E+00,0.0742,0.281,1206.7545,0.47,-0.00258
1,3,7296.5749,1.25E-25,8.83E-01,0.074,0.4,325.8804,0.67,-0.011199
1,2,7296.5865,2.00E-29,5.27E-04,0.0546,0.333,1246.3684,0.57,-0.01934
1,4,7296.614429,1.00E-28,1.52E+00,0.0722,0.221,2087.1384,0.37,-0.02876
1,4,7296.645354,1.97E-25,8.48E-01,0.103,0.434,100.3909,0.71,-0.004078
1,1,7296.64903,1.88E-22,7.78E-01,0.0685,0.345,610.3411,0.67,-0.014629
1,1,7296.7021,2.16E-28,1.34E-03,0.012,0.235,2073.5142,0.4,-0.015755
1,1,7296.7443,5.19E-29,1.33E-02,0.0313,0.221,3080.1777,0.37,-0.01876
1,3,7296.77,8.11E-27,8.64E-01,0.0541,0.23,884.1141,0.63,-0.02378
1,1,7296.7821,1.79E-28,1.03E-01,0.0294,0.281,3216.1926,0.47,-0.0162
1,2,7296.7822,2.22E-25,1.11E+00,0.0785,0.425,881.9139,0.57,-0.012699
1,1,7296.7823,5.98E-29,1.03E-01,0.0163,0.281,3216.1926,0.47,-0.01704
1,3,7296.8029,3.62E-26,1.29E+00,0.0523,0.26,884.0779,0.63,-0.01886
1,1,7296.8161,2.40E-29,1.59E-02,0.0711,0.315,2983.3228,0.55,-0.02084
1,1,7296.85054,6.62E-23,8.20E-01,0.0677,0.315,610.1144,0.67,-0.014469
1,1,7296.8534,5.70E-29,1.96E-03,0.043,0.25,2426.156,0.41,0
1,1,7296.8651,3.85E-28,8.63E-03,0.0535,0.315,2512.2825,0.55,-0.00834
1,1,7296.8732,9.80E-24,5.78E-02,0.0905,0.391,416.2087,0.67,-0.01006
1,4,7296.908606,4.13E-29,4.99E-01,0.0773,0.333,1916.2455,0.57,-0.0138
1,5,7296.91331,9.71E-29,1.02E+00,0.0807,0.333,605.55,0.57,-0.00776
1,2,7296.9733,2.92E-29,1.63E-01,0.0592,0.265,2420.885,0.44,-0.00822
1,1,7296.9891,1.00E-25,4.99E-04,0.0731,0.371,648.9787,0.63,-0.01164
1,1,7297.015654,9.94E-26,6.43E-01,0.03,0.315,2009.8051,0.55,-0.016232
1,1,7297.016031,2.98E-25,6.43E-01,0.0304,0.315,2009.8047,0.55,-0.0216
1,4,7297.039268,1.28E-25,1.29E+00,0.089,0.371,403.549,0.63,-0.0082
1,1,7297.0819,7.66E-24,1.42E+00,0.0532,0.34,1255.9115,0.57,-0.017719
1,2,7297.1428,3.24E-27,6.52E-03,0.0816,0.391,604.7927,0.67,-0.0085
1,4,7297.16743,1.26E-29,7.53E-01,0.073,0.333,2244.608,0.57,-0.01766
1,3,7297.2429,2.68E-25,4.67E-01,0.099,0.515,136.5377,0.71,-0.007519
1,2,7297.2531,2.69E-29,3.50E-03,0.0286,0.333,1574.6776,0.57,-0.01122
1,1,7297.2706,7.17E-25,2.18E+00,0.0422,0.28,1875.4613,0.51,-0.02336
1,1,7297.2767,4.30E-25,1.04E+00,0.0834,0.391,1920.7658,0.67,-0.00632
1,1,7297.3497,7.66E-27,3.34E-02,0.0895,0.391,2000.8629,0.67,-0.004
1,2,7297.3598,9.15E-28,5.15E-03,0.0825,0.371,880.0762,0.63,-0.0169
1,4,7297.390778,2.99E-25,1.00E+00,0.0943,0.434,100.3909,0.71,-0.01198
1,3,7297.4672,1.14E-27,2.15E-02,0.0691,0.32,753.7052,0.63,-0.01694
1,1,7297.482,1.01E-29,1.89E-03,0.0768,0.315,2904.6701,0.55,-0.01292
1,1,7297.5421,2.50E-23,1.54E+00,0.052,0.33,1255.1666,0.57,-0.015559
1,6,7297.583939,1.18E-28,2.25E+00,0.0832,0.412,293.8007,0.69,-0.0129
1,4,7297.643609,5.15E-29,2.11E-03,0.035,0.298,769.1168,0.51,-0.01886
1,4,7297.649543,2.01E-29,5.72E-04,0.0419,0.391,615.9688,0.67,-0.017592
1,4,7297.649655,2.01E-29,5.72E-04,0.045,0.391,615.9686,0.67,-0.020762
1,1,7297.6941,1.54E-24,1.56E+00,0.0452,0.25,1874.9727,0.51,-0.02788
1,3,7297.7224,1.95E-29,1.83E-01,0.0883,0.391,1996.8541,0.67,-0.00474
1,4,7297.83047,3.38E-29,1.38E-03,0.0577,0.298,768.9299,0.51,-0.01668
1,6,7297.83798,3.93E-29,5.98E-01,0.1047,0.434,154.5577,0.71,-0.011272
1,3,7297.8494,1.63E-29,4.73E-01,0.0746,0.371,2037.3981,0.63,-0.00552
1,2,7297.8816,5.56E-28,4.26E-01,0.0849,0.456,1734.2182,0.72,-0.00722
1,1,7297.9412,1.25E-26,8.72E-01,0.0324,0.25,2586.5288,0.41,-0.02414
1,1,7297.9733,8.80E-29,3.48E-01,0.0464,0.265,3386.1304,0.44,0
1,1,7297.9842,3.55E-23,2.88E-01,0.0642,0.365,586.4792,0.61,-0.009509
1,4,7298.062629,5.42E-28,3.25E+00,0.0874,0.391,1716.6959,0.67,-0.01242
1,1,7298.093288,2.77E-26,8.18E-02,0.0828,0.391,1920.7658,0.67,-0.01086
1,1,7298.0984,1.53E-25,8.91E-01,0.09,0.412,1875.4693,0.69,-0.0069
1,1,7298.099877,2.13E-26,1.77E-03,0.0281,0.298,1114.5313,0.51,-0.01948
1,4,7298.10525,7.50E-25,2.73E+00,0.0969,0.456,66.1845,0.72,-0.01046
1,6,7298.105928,5.34E-29,8.51E-01,0.0916,0.412,216.0182,0.69,-0.007424
1,4,7298.142115,3.82E-28,2.84E-03,0.0896,0.371,306.3147,0.63,-0.01004
1,3,7298.1542,3.94E-25,9.23E-01,0.0747,0.391,324.6612,0.67,-0.0082
1,3,7298.156,2.35E-29,6.52E-01,0.0392,0.333,2332.5917,0.57,-0.01664
1,5,7298.173481,7.45E-28,1.31E+00,0.093,0.412,149.188,0.69,-0.004528
1,4,7298.203037,2.67E-26,1.70E-01,0.0872,0.371,308.6157,0.63,-0.01132
1,1,7298.2153,1.44E-29,1.03E-01,0.0883,0.391,3565.4546,0.67,-0.00474
1,1,7298.2191,1.53E-25,5.66E-01,0.0809,0.371,2042.7533,0.63,-0.01132
1,4,7298.244453,4.55E-28,3.50E+00,0.0814,0.371,1797.4463,0.63,-0.01384
1,1,7298.2453,5.43E-28,7.89E-01,0.044,0.333,3101.142,0.57,-0.02602
1,1,7298.269,1.63E-27,7.90E-01,0.0483,0.333,3101.1234,0.57,-0.01922
1,1,7298.2696,4.53E-27,2.66E-01,0.0329,0.235,2550.8816,0.4,-0.03156
1,4,7298.28703,2.43E-28,2.95E+00,0.0823,0.371,1892.083,0.63,-0.01
1,3,7298.336733,9.22E-28,4.10E-01,0.0501,0.281,1521.5883,0.47,0
1,1,7298.35234,7.66E-23,1.13E+00,0.079,0.44,709.6082,0.61,-0.011049
1,1,7298.3676,4.08E-28,3.63E-03,0.0428,0.281,2321.905,0.47,-0.016248
1,5,7298.381286,1.30E-28,9.00E-01,0.0861,0.371,465.5831,0.63,-0.015159
1,1,7298.4113,7.27E-27,3.68E-06,0.0961,0.434,136.7617,0.71,-0.002088
1,4,7298.420625,1.78E-29,6.51E-01,0.0748,0.352,2119.2114,0.61,-0.01146
1,1,7298.4609,1.31E-28,3.50E-03,0.0392,0.281,2321.8117,0.47,-0.015904
1,3,7298.4624,1.37E-29,8.45E-02,0.0906,0.412,1817.6264,0.69,-0.00482
1,2,7298.5084,1.54E-28,1.16E-01,0.0608,0.265,1767.225,0.44,-0.002148
1,1,7298.5183,3.88E-29,4.14E-04,0.0865,0.434,1907.4502,0.71,-0.00968
1,6,7298.524043,1.17E-28,2.23E+00,0.0832,0.412,293.9945,0.69,-0.00946
1,3,7298.5253,1.13E-27,1.16E+00,0.044,0.333,1405.1809,0.57,-0.02602
1,3,7298.5253,1.13E-27,1.16E+00,0.0496,0.333,1405.1809,0.57,-0.01372
1,1,7298.5541,1.11E-29,2.25E-01,0.0331,0.195,4017.9062,0.34,-0.01536
1,4,7298.672805,1.77E-29,6.49E-01,0.076,0.352,2118.9452,0.61,-0.01304
1,1,7298.68758,1.30E-23,1.64E+00,0.0681,0.385,1446.1279,0.51,-0.01764
1,1,7298.7077,4.71E-28,2.79E-04,0.0728,0.298,1538.1488,0.51,-0.01648
1,1,7298.789,1.02E-25,9.56E-01,0.0401,0.281,2142.5967,0.47,-0.017616
1,1,7298.8248,1.89E-29,1.06E-03,0.0739,0.333,2630.1924,0.57,-0.00364
1,3,7298.9029,8.11E-29,7.70E-01,0.0903,0.412,1999.4635,0.69,-0.01654
1,4,7298.939145,3.02E-29,1.96E-03,0.0672,0.315,841.3675,0.55,-0.01804
1,6,7298.951019,4.92E-29,1.93E+00,0.0748,0.391,477.4014,0.67,-0.01284
1,2,7298.9856,2.29E-29,1.55E-03,0.0561,0.298,1440.288,0.51,-0.01004
1,3,7298.9882,1.35E-27,8.05E+00,0.0837,0.32,1903.5693,0.69,-0.0125
1,6,7299.015138,5.17E-29,9.78E-01,0.0861,0.391,292.3695,0.67,-0.004271
1,1,7299.0248,3.91E-29,1.90E-03,0.076,0.352,2572.1393,0.61,-0.01342
1,1,7299.0458,1.83E-27,5.13E-04,0.0618,0.315,1340.8845,0.55,-0.01924
1,6,7299.082314,4.91E-29,1.93E+00,0.0746,0.391,477.4183,0.67,-0.0112
1,2,7299.0894,3.57E-24,1.08E+00,0.0936,0.52,172.8827,0.71,-0.0081
1,1,7299.1755,7.06E-28,1.63E-02,0.023,0.221,2358.3005,0.37,-0.03136
1,4,7299.196399,1.60E-28,1.98E-01,0.0645,0.25,1543.2439,0.41,-0.03076
1,3,7299.2238,1.56E-28,4.47E+00,0.0814,0.412,2000.5992,0.69,-0.00946
1,3,7299.2625,2.84E-26,1.42E-01,0.077,0.43,446.2452,0.63,-0.01692
1,2,7299.2679,4.00E-28,5.24E-04,0.0742,0.371,550.4507,0.63,-0.01532
1,1,7299.319,1.60E-27,4.19E-01,0.0229,0.221,2872.5788,0.37,-0.02226
1,5,7299.333112,6.57E-29,1.07E+00,0.0743,0.333,696.1234,0.57,-0.00532
1,6,7299.344051,1.47E-28,1.27E+00,0.0961,0.434,91.0322,0.71,-0.00406
1,2,7299.3867,1.44E-27,6.28E-01,0.0341,0.333,1574.678,0.57,-0.0236
1,2,7299.3873,4.30E-27,6.25E-01,0.0378,0.186,1574.6776,0.57,-0.02632
1,3,7299.3935,1.21E-25,1.01E+00,0.0922,0.47,325.8804,0.67,-0.0103
1,1,7299.4001,2.04E-28,9.49E-05,0.0738,0.281,1525.135,0.47,-0.000484
1,1,7299.4182,8.47E-26,1.41E-03,0.076,0.352,931.237,0.61,-0.01342
1,1,7299.43107,1.00E-20,5.76E+00,0.1032,0.46,42.3717,0.73,-0.008779
1,2,7299.4639,1.46E-27,1.29E+00,0.0269,0.315,1989.3521,0.55,-0.0097
1,2,7299.4641,4.86E-28,1.29E+00,0.0269,0.315,1989.3519,0.55,-0.010932
1,4,7299.477892,7.33E-28,3.55E+00,0.0892,0.391,1673.0176,0.67,-0.00722
1,1,7299.4878,6.55E-26,7.61E-02,0.0975,0.456,1677.0614,0.72,-0.0025
1,1,7299.5448,6.81E-24,4.09E-01,0.045,0.298,1293.6337,0.51,-0.01168
1,5,7299.568437,3.92E-29,1.12E+00,0.071,0.315,835.0479,0.55,-0.00934
1,5,7299.579484,5.14E-28,1.11E+00,0.1079,0.48,29.46,0.73,-0.002057
1,3,7299.6353,3.19E-24,5.50E+00,0.0906,0.5,134.1454,0.72,-0.007719
1,1,7299.6418,8.18E-28,4.32E-02,0.0695,0.315,2688.0795,0.55,-0.004432
1,2,7299.65388,1.61E-29,4.42E-01,0.0501,0.281,2714.906,0.47,0
1,1,7299.6657,4.88E-28,1.73E-02,0.0481,0.333,2337.4631,0.57,-0.012576
1,1,7299.6797,3.94E-28,6.91E-03,0.0851,0.352,2392.5924,0.61,-0.01336
1,3,7299.6962,6.65E-27,2.72E-01,0.061,0.35,742.399,0.57,-0.017129
1,5,7299.697624,9.79E-29,9.90E-01,0.0709,0.352,572.1281,0.61,-0.013486
1,1,7299.7743,1.56E-29,1.29E-03,0.0199,0.208,2660.9448,0.35,-0.008268
1,3,7299.7746,1.79E-26,6.89E-02,0.0944,0.47,299.439,0.69,-0.00954
1,1,7299.7819,2.31E-29,7.53E-01,0.0823,0.412,3877.5752,0.69,-0.01018
1,1,7299.8082,2.73E-25,8.59E-01,0.0422,0.281,2144.0458,0.47,-0.01856
1,6,7299.818992,1.32E-28,1.29E+00,0.0885,0.412,155.7616,0.69,-0.015005
1,1,7299.8344,3.39E-29,1.81E-03,0.0435,0.25,2756.4142,0.41,-0.022864
1,4,7299.926542,2.07E-29,5.14E-01,0.0733,0.371,2009.2208,0.63,-0.0166
1,1,7299.9402,1.09E-28,6.89E-03,0.032,0.298,2705.1392,0.51,-0.01886
1,1,7299.9706,1.07E-25,1.39E-01,0.0145,0.265,1962.5062,0.44,-0.015688
1,1,7299.9944,2.21E-27,1.70E-02,0.0293,0.221,2358.2996,0.37,-0.02186
1,4,7300.000229,2.07E-29,5.14E-01,0.073,0.371,2009.1465,0.63,-0.01724
1,1,7300.0205,3.90E-29,1.97E-02,0.0254,0.352,3109.9112,0.61,-0.010988
1,1,7300.022,1.29E-29,1.96E-02,0.0193,0.352,3109.9113,0.61,-0.007732
1,2,7300.0494,1.72E-28,5.34E-03,0.0832,0.315,1279.7974,0.55,-0.01702
1,1,7300.067,1.51E-28,2.36E-03,0.0374,0.25,2248.0632,0.41,-0.02226
1,4,7300.087321,2.61E-29,4.03E-04,0.0792,0.352,490.4274,0.61,-0.00918
1,1,7300.1129,4.03E-26,2.60E-03,0.0656,0.281,1327.1096,0.47,-0.017608
1,2,7300.1333,1.37E-27,3.46E-01,0.03,0.265,1767.3387,0.44,-0.01976
1,4,7300.138772,2.38E-28,1.74E+00,0.071,0.235,1922.8881,0.4,-0.00556
1,1,7300.2043,1.61E-27,2.28E-03,0.0162,0.265,1962.5062,0.44,-0.02172
1,3,7300.2693,2.97E-28,3.97E-01,0.0362,0.281,1521.7823,0.47,-0.01718
1,2,7300.2872,2.34E-28,4.14E+00,0.0562,0.371,2536.9094,0.63,-0.01268
1,3,7300.3161,1.77E-28,1.17E-02,0.0693,0.44,814.6109,0.61,-0.01822
1,2,7300.3623,7.77E-29,4.13E+00,0.0566,0.371,2536.9348,0.63,-0.01334
